,HI_WOA,DHO,ChaoticWhale,ImprovedGA,OriginalGSKA,OriginalHGS,L_SHADE,BaseSMA,OriginalSMA,AdaptiveEO
0,2428.476575765106,2436.39413426322,2328.72154838736,2402.7111084737235,2441.183020547621,2429.0408438403724,2425.2411260124977,2440.5983920509325,2446.306677430519,2400.672426445092
1,2418.190228345935,2367.996727284611,2328.72154838736,2394.1232794058733,2441.183020547621,2411.2579505395797,2371.5133981873137,2428.507290155136,2429.437569123588,2379.4845750079985
2,2418.190228345935,2304.324201240394,2309.992573939697,2385.8602506502366,2441.183020547621,2399.6645077084245,2371.5133981873137,2401.4850232937606,2447.0161799104344,2379.4827288028446
3,2418.190228345935,2303.8551483774654,2288.583389152095,2384.27021721312,2426.630726829938,2394.455989483398,2371.5133981873137,2404.3128343374547,2474.468713470425,2379.4673196323874
4,2418.190228345935,2302.4141266949628,2282.9101807756037,2363.754683814771,2423.583198791272,2393.093725860162,2371.5133981873137,2426.9637162781287,2465.387435605353,2379.456204386035
5,2418.190228345935,2302.341075877386,2278.344761481376,2279.333539002711,2417.9011111912323,,2371.5133981873137,2438.793619892246,2403.434606304991,2379.4356698434776
6,2380.3613581724526,2301.197143570293,2275.631495280122,2279.333539002711,2417.9011111912323,,2371.5133981873137,2402.1626981078293,2444.655936117232,2379.3911097667715
7,2380.3613581724526,2299.244126143246,2273.708345327212,2279.333539002711,2396.0509313175858,,2371.5133981873137,2395.9814811894885,2446.18283857404,2379.3641901414026
8,2380.3613581724526,2271.273388938073,2272.634828633834,2279.333539002711,2395.590199990022,,2371.5133981873137,2410.196094071284,2419.858717477317,2379.291720071072
9,2380.3613581724526,2269.900063009476,2271.075306062288,2279.333539002711,2395.590199990022,,2367.0695351717213,2432.2306571909817,2437.3506915709545,2379.265613158251
10,2380.3613581724526,2253.102412056168,2270.4115966080826,2279.333539002711,2395.590199990022,,2358.500019888611,2424.543786629069,2436.345158635565,2379.163841002465
11,2380.3613581724526,2251.4167019086167,2270.2187669304494,2279.333539002711,2395.590199990022,,2358.500019888611,2422.5075745572503,2439.968721043515,2379.023541610308
12,2380.3613581724526,2250.771334810612,2269.776238062532,2279.333539002711,2388.115997276872,,2358.500019888611,2417.896047290999,2445.0693788120134,2378.883276655087
13,2380.3613581724526,2243.1293864991294,2269.3977562497694,2279.333539002711,2360.050436259516,,2358.500019888611,2424.25184888666,2423.829374434852,2378.6361454965754
14,2380.3613581724526,2228.5766834743627,2269.117896829327,2279.333539002711,2360.050436259516,,2358.500019888611,2385.216486193472,2427.814236881581,2378.464456662012
15,2380.3613581724526,2222.167100113583,2268.932661166765,2279.333539002711,2360.050436259516,,2358.500019888611,2411.79287278581,2422.916160658604,2378.314853386516
16,2380.3613581724526,2222.02048898182,2268.5516811939906,2279.333539002711,2360.050436259516,,2358.500019888611,2399.8406018041583,2459.332088677467,2378.206258706464
17,2380.3613581724526,2220.8636821372897,2268.102725394842,2279.333539002711,2360.050436259516,,2358.500019888611,2434.081686913035,2455.693733038508,2377.8611597716526
18,2380.3613581724526,2219.8006154337318,2267.870909005353,2279.333539002711,2360.050436259516,,2350.1915762013623,2430.1428462995946,2443.646822438633,2377.6427114390563
19,2380.3613581724526,2218.222813101129,2267.5179839552707,2279.333539002711,2360.050436259516,,2350.1915762013623,2415.8141474485783,2401.1477759220543,2377.2796772516413
20,2380.3613581724526,2217.9382929703625,2266.9079477881573,2279.333539002711,2360.050436259516,,2350.1915762013623,2419.764236264813,2391.259322553928,2377.0475022107976
21,2380.3613581724526,2217.771656763194,2265.995484512184,2276.340379388529,2360.050436259516,,2350.1915762013623,2420.485703675929,2434.931320294899,2376.6171389208994
22,2380.3613581724526,2217.7452560672587,2265.8539738587288,2276.340379388529,2360.050436259516,,2350.1915762013623,2415.076524227121,2409.5305854923527,2376.3972327520883
23,2380.3613581724526,2217.7036133980173,2265.424583741677,2276.340379388529,2360.050436259516,,2350.1915762013623,2410.2217879236814,2426.8456988049657,2375.8803647654627
24,2380.3613581724526,2217.698536783221,2265.290244250958,2276.340379388529,2360.050436259516,,2350.1915762013623,2366.869456855831,2424.83563513176,2374.930963577426
25,2380.3613581724526,2217.0725343892486,2265.131293489213,2268.078710844844,2360.050436259516,,2350.1915762013623,2413.0724572673244,2434.065339447376,2374.836502296306
26,2380.3613581724526,2216.517979553585,2264.9123026745465,2268.078710844844,2360.050436259516,,2350.1915762013623,2394.432198611734,2439.792857589596,2374.2264799508957
27,2380.3613581724526,2216.513364191094,2264.754358926568,2268.078710844844,2360.050436259516,,2350.1915762013623,2428.2765658043245,2430.487326838508,2373.794908075887
28,2380.3613581724526,2216.4157417445977,2264.6293567300945,2268.078710844844,2359.4929678844383,,2350.1915762013623,2403.703256816325,2407.393199876098,2372.5075599715933
29,2380.3613581724526,2216.336548188755,2264.3654247434297,2268.078710844844,2359.4929678844383,,2350.1915762013623,2414.597159206668,2400.579317112755,2371.8260094266034
30,2380.3613581724526,2215.5005279192865,2264.028518589843,2268.078710844844,2359.4929678844383,,2350.1915762013623,2420.462222612432,2424.0794053426903,2371.729702203176
31,2380.3613581724526,2215.2343357421323,2263.821628872165,2268.078710844844,2359.4929678844383,,2350.1915762013623,2398.959859022169,2409.910889623611,2370.786962338672
32,2380.3613581724526,2212.7407305435518,2263.5433129573084,2268.078710844844,2359.4929678844383,,2347.947066443533,2385.7517401536384,2410.13512989774,2370.1076493773985
33,2380.3613581724526,2212.288305386744,2263.3527816980104,2268.078710844844,2359.4929678844383,,2347.947066443533,2381.8175011594303,2399.628080239865,2369.2618282167336
34,2380.3613581724526,2212.2253834298654,2263.135798683806,2268.078710844844,2359.4929678844383,,2347.823414855725,2379.635570139033,2395.933652588964,2368.6613899844147
35,2380.3613581724526,2212.149281071907,2262.7323332391225,2268.078710844844,2359.4929678844383,,2347.823414855725,2416.4905695601587,2405.125396945136,2367.931243855612
36,2380.3613581724526,2210.2253509317125,2262.5636369565323,2268.078710844844,2359.4929678844383,,2347.823414855725,2359.149638322958,2415.29476378621,2367.1857301196114
37,2380.3613581724526,2209.9413019226326,2260.6853228033824,2268.078710844844,2359.4929678844383,,2347.823414855725,2375.966630904094,2420.6153349268416,2366.3538731696617
38,2380.3613581724526,2208.277760295289,2260.2337126702187,2268.078710844844,2359.4929678844383,,2347.823414855725,2369.04862474313,2406.458255018223,2365.9650151661917
39,2380.3613581724526,2206.843448401021,2259.361847063711,2268.078710844844,2359.4929678844383,,2347.823414855725,2394.486774550651,2413.3053111706968,2364.780055806806
40,2380.3613581724526,2206.6949754290995,2258.579989506721,2245.927939929968,2359.4929678844383,,2334.796760933332,2401.299407156724,2413.848833077478,2364.335376556928
41,2380.3613581724526,2206.5997581223146,2256.1507959316696,2245.927939929968,2359.4929678844383,,2334.796760933332,2388.059265913429,2404.968830423029,2363.6303136814577
42,2380.3613581724526,2206.133663847678,2254.7001147847527,2245.927939929968,2359.4929678844383,,2334.796760933332,2411.425316675055,2418.5615408912795,2362.2825415135026
43,2380.3613581724526,2205.994993144141,2252.646573585155,2245.927939929968,2359.4929678844383,,2334.796760933332,2389.0679588244325,2400.8359342612825,2361.6823430043924
44,2380.3613581724526,2205.8695402335625,2252.2071144788447,2231.397652593801,2359.4929678844383,,2334.796760933332,2408.5065955251525,2426.082400582964,2360.740602355448
45,2380.3613581724526,2205.7937411322914,2250.2978687769537,2231.397652593801,2359.4929678844383,,2334.796760933332,2383.445881696626,2367.014498026393,2360.2730160036185
46,2380.3613581724526,2205.7446290840653,2250.055226332126,2231.397652593801,2359.4929678844383,,2334.796760933332,2399.2404211446733,2406.7986578208875,2359.5415469742493
47,2380.3613581724526,2205.7060167808595,2249.6865056148267,2231.397652593801,2359.4929678844383,,2334.796760933332,2382.493553318541,2400.806614911197,2359.0694654421177
48,2380.3613581724526,2205.421079172519,2249.6042547499246,2231.397652593801,2359.4929678844383,,2334.796760933332,2383.024125963964,2410.1498411573293,2358.1716363548157
49,2380.3613581724526,2205.378959710353,2249.128620270462,2231.397652593801,2359.4929678844383,,2334.796760933332,2379.453508333454,2418.4154544708185,2357.8915128097988
50,2380.3613581724526,2205.26612222812,2249.003734582794,2231.397652593801,2359.4929678844383,,2334.796760933332,2369.454683569284,2417.8750633179384,2357.4728363753684
51,2380.3613581724526,2205.216578694274,2248.797977215444,2231.397652593801,2359.4929678844383,,2334.796760933332,2381.300743645073,2387.4679990154464,2357.216066115569
52,2380.3613581724526,2205.1747195420285,2248.7364424374427,2231.397652593801,2359.4929678844383,,2334.796760933332,2418.403824693288,2402.878122659199,2356.706178410069
53,2380.3613581724526,2205.177588551893,2248.56993061844,2231.397652593801,2359.4929678844383,,2334.796760933332,2418.815300428489,2398.145458266216,2356.284493053936
54,2380.3613581724526,2205.135442163349,2248.3529156337017,2231.397652593801,2359.4929678844383,,2334.796760933332,2384.347560661918,2402.321019554971,2355.9975965878057
55,2380.3613581724526,2205.136304640246,2248.301628495019,2231.397652593801,2359.4929678844383,,2334.796760933332,2390.2182096893266,2368.469278557062,2355.942429632708
56,2380.3613581724526,2205.135772604763,2248.176286011694,2231.397652593801,2359.4929678844383,,2334.796760933332,2404.2296440639084,2382.0181774308994,2355.525973670252
57,2380.3613581724526,2205.1342226334787,2248.066883167111,2231.397652593801,2359.4929678844383,,2334.796760933332,2384.726935695202,2403.2649468152163,2355.269029985724
58,2380.3613581724526,2205.120385357552,2248.0440374605387,2231.397652593801,2359.4929678844383,,2334.796760933332,2396.7965315764973,2351.519959470637,2355.14050324687
59,2380.3613581724526,2204.9578029473464,2248.0410625343493,2231.397652593801,2359.4929678844383,,2334.796760933332,2377.099118719624,2325.674478671825,2355.068940297499
60,2380.3613581724526,2204.878584829925,2248.037205374229,2231.397652593801,2359.4929678844383,,2334.796760933332,2405.3887958940227,2355.339334517247,2354.929484583803
61,2380.3613581724526,2204.864729534019,2248.031456566876,2231.397652593801,2359.4929678844383,,2334.796760933332,2396.957888794338,2360.705517021175,2354.750923907489
62,2380.3613581724526,2204.748864509725,2248.014061987716,2231.397652593801,2359.4929678844383,,2334.796760933332,2397.101739249514,2300.0551771102128,2354.681560399636
63,2380.3613581724526,2204.7582440727583,2247.9959156581403,2231.397652593801,2359.4929678844383,,2334.796760933332,2394.6721973122344,2244.054205600782,2354.65890716269
64,2380.3613581724526,2204.7337492352426,2247.989337655791,2231.397652593801,2359.4929678844383,,2334.796760933332,2377.9042645606387,2234.569043842879,2354.4889165501795
65,2380.3613581724526,2204.6421552601746,2247.987171047624,2231.397652593801,2359.4929678844383,,2334.796760933332,2393.921852570841,2252.55773854663,2354.3850383671493
66,2380.3613581724526,2204.641174975237,2247.980862520233,2231.397652593801,2359.4929678844383,,2334.796760933332,2388.2984704213786,2288.2209755980957,2354.3143389600464
67,2380.3613581724526,2204.6417984652967,2247.96818960578,2231.397652593801,2359.4929678844383,,2334.796760933332,2401.200988608065,2247.942914293968,2354.2494879507663
68,2380.3613581724526,2204.623017800243,2247.9611737197315,2231.397652593801,2359.4929678844383,,2334.796760933332,2386.153754056363,2247.609679746944,2353.979488420051
69,2380.3613581724526,2204.5938242215,2247.953837666228,2231.397652593801,2359.4929678844383,,2334.796760933332,2370.34304565748,2241.232695343568,2353.779286910125
70,2380.3613581724526,2204.5934599089032,2247.9412317441784,2231.397652593801,2359.4929678844383,,2334.796760933332,2381.5856647235955,2231.558867294476,2353.595867651749
71,2380.3613581724526,2204.59347203043,2247.8549712424306,2231.397652593801,2359.4929678844383,,2334.796760933332,2363.3995397314,2251.065005364779,2353.5840683905726
72,2380.3613581724526,2204.5801115774984,2247.8327599743834,2231.397652593801,2359.4929678844383,,2334.796760933332,2378.6177321690275,2231.088908142028,2353.381963603472
73,2380.3613581724526,2204.558270505407,2247.8219229347656,2231.397652593801,2359.4929678844383,,2334.796760933332,2373.055372241424,2226.826322947504,2353.3096571394576
74,2380.3613581724526,2204.558266583636,2247.789710252812,2231.397652593801,2351.1166216824217,,2334.796760933332,2378.2905307281853,2231.145754309477,2353.16716440064
75,2380.3613581724526,2204.5536581104084,2247.7722639393314,2231.397652593801,2351.1166216824217,,2334.796760933332,2383.650572467164,2236.9301221042697,2353.070022944264
76,2380.3613581724526,2204.5405168960574,2247.7419961409514,2231.397652593801,2351.1166216824217,,2334.796760933332,2381.87965994832,2233.640441035927,2352.9740868311524
77,2380.3613581724526,2204.489840303087,2247.7252664541243,2231.397652593801,2351.1166216824217,,2334.796760933332,2380.154461334314,2228.4235530986325,2352.884848310051
78,2380.3613581724526,2204.4655020970567,2247.670299542405,2231.397652593801,2351.1166216824217,,2334.796760933332,2378.9935137987527,2227.9927022968764,2352.8648427989538
79,2380.3613581724526,2204.4661674041727,2247.6442595167537,2231.397652593801,2351.1166216824217,,2334.796760933332,2376.4366725475857,2238.9712648608,2352.7935348074225
80,2380.3613581724526,2204.334840990978,2247.609334538883,2231.397652593801,2351.1166216824217,,2334.796760933332,2380.253229433785,2228.5704092025217,2352.784451950732
81,2380.3613581724526,2204.301162120955,2247.55109234215,2231.397652593801,2351.1166216824217,,2334.796760933332,2377.459743091863,2244.0141819839296,2352.51995486738
82,2380.3613581724526,2204.2796767174405,2247.4594845789206,2231.397652593801,2351.1166216824217,,2334.796760933332,2386.7275883521547,2277.749499792273,2352.5001953352785
83,2380.3613581724526,2204.2652449225384,2247.36949281321,2231.397652593801,2351.1166216824217,,2334.796760933332,2389.8480208081696,2238.054871148825,2352.4881619757484
84,2380.3613581724526,2204.263924021316,2247.207635458061,2231.397652593801,2351.1166216824217,,2334.796760933332,2386.151440290223,2225.662836484364,2352.4132106306674
85,2380.3613581724526,2204.259355032564,2247.126344001278,2231.397652593801,2349.9751257853063,,2334.796760933332,2394.922129210707,2214.7601904923167,2352.238870545067
86,2380.3613581724526,2204.251201388972,2247.083141249492,2231.397652593801,2349.9751257853063,,2334.796760933332,2379.8498724751066,2218.6658227986004,2352.0906254969723
87,2380.3613581724526,2204.2493431160465,2247.07431460887,2231.397652593801,2349.9751257853063,,2334.796760933332,2382.11178925332,2219.221024804262,2352.083746515217
88,2380.3613581724526,2204.245131969272,2247.0609395642314,2231.397652593801,2349.9751257853063,,2334.796760933332,2378.4526461707283,2221.205989351782,2352.0159398631745
89,2380.3613581724526,2204.239381359097,2247.046995714266,2231.397652593801,2349.9751257853063,,2334.796760933332,2376.410415164279,2232.8644319497025,2351.881415069688
90,2380.3613581724526,2204.1696543510075,2247.0468546892203,2231.397652593801,2349.9751257853063,,2334.796760933332,2363.086621191958,2225.5779905333,2351.825059864983
91,2380.3613581724526,2204.166312512781,2247.045019229065,2231.397652593801,2349.9751257853063,,2334.796760933332,2373.4500142950083,2222.2797028877394,2351.817132284797
92,2380.3613581724526,2204.154342396576,2247.0450094702487,2231.397652593801,2349.9751257853063,,2334.796760933332,2387.4853334050867,2235.248383096945,2351.760723883997
93,2380.3613581724526,2204.148612415043,2247.04227468329,2231.397652593801,2349.9751257853063,,2334.796760933332,2374.3825168966964,2217.2541997141543,2351.726004475839
94,2380.3613581724526,2204.0789645290333,2247.038728402769,2231.397652593801,2349.9751257853063,,2334.796760933332,2381.2390946227506,2216.6015084471906,2351.672335678541
95,2380.3613581724526,2204.079099892563,2247.032699294029,2231.397652593801,2349.9751257853063,,2334.796760933332,2387.3212330422984,2212.3165375524404,2351.613475947925
96,2380.3613581724526,2204.080064970281,2247.031182583666,2231.397652593801,2349.9751257853063,,2334.796760933332,2399.725682262353,2258.230158193173,2351.608106297429
97,2380.3613581724526,2203.9899873285854,2247.0229402057203,2231.397652593801,2349.9751257853063,,2334.796760933332,2383.786201879629,2247.5296032998094,2351.5543587105262
98,2380.3613581724526,2203.96340938026,2247.0185818712744,2231.397652593801,2349.9751257853063,,2334.796760933332,2358.6429456946853,2228.0605064515057,2351.490298583161
99,2380.3613581724526,2203.93887024303,2247.0094380629184,2231.397652593801,2349.9751257853063,,2334.796760933332,2388.5368414775776,2293.686932724373,2351.219668986309
100,2380.3613581724526,2203.916439653572,2246.9961882717166,2231.397652593801,2349.9751257853063,,2334.796760933332,2361.537275501641,2241.125617323445,2351.1838498718203
101,2380.3613581724526,2203.874285090485,2246.9755351433528,2231.397652593801,2349.9751257853063,,2334.796760933332,2382.1935567164173,2218.6621430622986,2351.123003452794
102,2380.3613581724526,2203.8692005961284,2246.9616341427086,2231.397652593801,2349.9751257853063,,2334.796760933332,2378.2678592905318,2225.1944988200707,2351.0515915809783
103,2380.3613581724526,2203.8276659482976,2246.91677339332,2231.397652593801,2349.9751257853063,,2329.32744077183,2381.2485395566496,2230.139635263283,2350.9911606877963
104,2380.3613581724526,2203.849302366429,2246.8846788378487,2231.397652593801,2349.9751257853063,,2329.32744077183,2394.9020564847165,2213.2147585464686,2350.85371773146
105,2380.3613581724526,2203.838020439041,2246.818266282646,2231.397652593801,2349.9751257853063,,2329.32744077183,2388.619412999954,2211.6451348015585,2350.745096336991
106,2380.3613581724526,2203.8344045964445,2246.8010358393635,2231.397652593801,2349.9751257853063,,2329.32744077183,2374.191151229224,2210.509460059297,2350.738680899943
107,2380.3613581724526,2203.8420892818917,2246.7663786175885,2231.397652593801,2349.9751257853063,,2329.32744077183,2375.3302067660325,2209.820118318158,2350.655474736894
108,2380.3613581724526,2203.8210039212127,2246.7341110686184,2231.397652593801,2349.9751257853063,,2329.32744077183,2388.6087048587783,2217.1527840663684,2350.6323618095585
109,2380.3613581724526,2203.694100106186,2246.685577068122,2231.397652593801,2349.9751257853063,,2329.32744077183,2366.320330384417,2214.4458664305694,2350.5663276366536
110,2380.3613581724526,2203.5872542514594,2246.679218140016,2231.397652593801,2349.9751257853063,,2329.32744077183,2391.014635805474,2228.8860615332715,2350.5566802506323
111,2380.3613581724526,2203.552976495111,2246.661853631008,2231.397652593801,2349.9751257853063,,2329.32744077183,2379.871053668303,2220.2646135691134,2350.5371453120038
112,2380.3613581724526,2203.5262720018345,2246.6448008393627,2231.397652593801,2349.9751257853063,,2329.32744077183,2364.886496960008,2214.7843624040715,2350.531089960465
113,2380.3613581724526,2203.406657008474,2246.6442357655837,2231.397652593801,2349.9751257853063,,2329.32744077183,2360.718322947212,2231.7246654468554,2350.5295405705992
114,2380.3613581724526,2203.100115139363,2246.641673811546,2231.397652593801,2349.9751257853063,,2329.32744077183,2369.125518733521,2262.036762810462,2350.4589231449704
115,2380.3613581724526,2202.993849636729,2246.634699040909,2231.397652593801,2349.9751257853063,,2329.32744077183,2384.897749245411,2235.621992295542,2350.4536464387925
116,2380.3613581724526,2202.9265515090274,2246.6327716329865,2231.397652593801,2349.9751257853063,,2329.32744077183,2387.3437933354967,2225.222817761396,2350.329997163028
117,2380.3613581724526,2202.9047131086936,2246.6236763871498,2231.397652593801,2349.9751257853063,,2329.32744077183,2375.6391603146394,2226.1735681807927,2350.308409389961
118,2380.3613581724526,2202.611240656119,2246.605355837971,2231.397652593801,2349.9751257853063,,2329.32744077183,2370.133888785074,2211.6861198881197,2350.223575263389
119,2380.3613581724526,2202.463066151662,2246.598955557904,2231.397652593801,2349.9751257853063,,2329.32744077183,2364.05615940248,2214.5878351882484,2350.216832914849
120,2380.3613581724526,2202.4644707909724,2246.585673079818,2231.397652593801,2349.9751257853063,,2329.32744077183,2362.721997987352,2224.2292372129527,2350.2071607881617
121,2380.3613581724526,2202.465370508378,2246.582573416392,2231.397652593801,2349.9751257853063,,2329.32744077183,2358.193608261335,2209.5019080565207,2350.199669701264
122,2380.3613581724526,2202.469746724234,2246.57215066598,2231.397652593801,2349.9751257853063,,2329.32744077183,2362.8501991526277,2211.863221773468,2350.15974178861
123,2380.3613581724526,2202.3906497828784,2246.5611936097043,2231.397652593801,2349.9751257853063,,2329.32744077183,2370.081094595588,2212.768803670296,2350.156140817908
124,2380.3613581724526,2202.3889650249125,2246.5548376220686,2231.397652593801,2349.9751257853063,,2329.32744077183,2363.1856578160464,2213.137494742612,2350.129533584975
125,2380.3613581724526,2202.378498473263,2246.5488231648383,2231.397652593801,2349.9751257853063,,2329.32744077183,2373.0029898105427,2205.475088443992,2350.126117442232
126,2380.3613581724526,2202.359626387192,2246.544789324349,2231.397652593801,2349.9751257853063,,2329.32744077183,2384.77647133272,2217.6171831809693,2350.1008884638645
127,2380.3613581724526,2202.3581920597467,2246.539950068345,2231.397652593801,2349.9751257853063,,2329.32744077183,2369.9564442238907,2214.322992911869,2350.0899986454883
128,2380.3613581724526,2202.2554780934443,2246.5217123041493,2231.397652593801,2349.9751257853063,,2329.32744077183,2350.637763367469,2211.030537390185,2350.065323599539
129,2380.3613581724526,2202.2455700492374,2246.51589004726,2231.397652593801,2349.9751257853063,,2329.32744077183,2362.843881733306,2213.4239468285105,2350.028456434024
130,2380.3613581724526,2202.165499745178,2246.506278168768,2231.397652593801,2349.9751257853063,,2325.8596986178964,2362.898882817589,2213.5136629099325,2350.022013379504
131,2380.3613581724526,2202.1572290213653,2246.498472313685,2231.397652593801,2349.9751257853063,,2325.8596986178964,2361.196860498095,2211.757061938171,2350.010883352645
132,2380.3613581724526,2202.157123363582,2246.4944841790534,2231.397652593801,2349.9751257853063,,2325.8596986178964,2345.5305009206327,2222.3875530228765,2350.0065515505034
133,2380.3613581724526,2202.156355199215,2246.472014123304,2231.397652593801,2349.9751257853063,,2325.8596986178964,2357.988687444222,2229.161613818968,2349.982231441101
134,2380.3613581724526,2202.156234469553,2246.4529202668223,2231.397652593801,2349.9751257853063,,2325.8596986178964,2364.575827359188,2217.379108832588,2349.803525877526
135,2380.3613581724526,2202.155862158725,2246.421629754141,2231.397652593801,2349.9751257853063,,2325.8596986178964,2358.461244696798,2236.669357829258,2349.7721471040286
136,2380.3613581724526,2202.136860928628,2246.3382138205216,2231.397652593801,2349.9751257853063,,2325.8596986178964,2358.885245786764,2244.3949014231266,2349.7323871993185
137,2380.3613581724526,2202.131556303676,2246.199263667145,2231.397652593801,2349.9751257853063,,2325.8596986178964,2367.2300283708937,2226.6952769039585,2349.6423542411994
138,2380.3613581724526,2202.126180840075,2246.1689634244617,2231.397652593801,2349.9751257853063,,2325.8596986178964,2357.661874867681,2224.1314222778938,2349.622417125956
139,2380.3613581724526,2202.0500139977185,2246.1087597948767,2231.397652593801,2349.9751257853063,,2325.8596986178964,2358.3179416400803,2228.7276385285304,2349.6135920584275
140,2380.3613581724526,2202.0467195265337,2246.080623378248,2231.397652593801,2349.9751257853063,,2325.8596986178964,2375.63029731734,2220.259555630701,2349.591100837697
141,2380.3613581724526,2202.0346254387846,2246.062819574299,2231.397652593801,2349.9751257853063,,2325.8596986178964,2364.9783671238897,2216.3048476499944,2349.565912898061
142,2380.3613581724526,2202.009313021237,2246.02812063568,2231.397652593801,2349.9751257853063,,2325.8596986178964,2363.0130589774544,2213.0980900105787,2349.418251875033
143,2380.3613581724526,2201.936679070021,2246.0171446738987,2231.397652593801,2349.9751257853063,,2325.8596986178964,2352.204510408136,2207.5777862917457,2349.381827911689
144,2380.3613581724526,2201.8601278244805,2246.0163132602715,2231.397652593801,2349.9751257853063,,2325.8596986178964,2365.748452764205,2206.2391747275205,2349.333385509471
145,2380.3613581724526,2201.8495099733964,2246.00402698193,2231.397652593801,2349.9751257853063,,2325.8596986178964,2363.031760578136,2205.651887603992,2349.173453852089
146,2380.3613581724526,2201.825228943334,2245.9944809539293,2231.397652593801,2349.9751257853063,,2325.8596986178964,2357.849371714085,2220.084992463812,2349.1125522730304
147,2380.3613581724526,2201.8184653509,2245.9938021021408,2231.397652593801,2349.9751257853063,,2325.8596986178964,2343.5027945482866,2209.659560802636,2349.042863832272
148,2380.3613581724526,2201.8115933534223,2245.993015359567,2231.397652593801,2349.9751257853063,,2325.8596986178964,2359.185616896788,2214.1211673501225,2348.9370827533667
149,2380.3613581724526,2201.809342348725,2245.9925096919087,2231.397652593801,2349.9751257853063,,2325.8596986178964,2355.9478316647137,2217.3127661592343,2348.898760404845
150,2380.3613581724526,2201.690218035673,2245.991670792392,2231.397652593801,2349.9751257853063,,2325.8596986178964,2352.2905073388374,2221.261090690165,2348.8753761236576
151,2380.3613581724526,2201.62567228189,2245.990545311614,2231.397652593801,2349.9751257853063,,2325.8596986178964,2342.468555325629,2214.006422894365,2348.8406873405256
152,2380.3613581724526,2201.1809674343854,2245.988906864214,2231.397652593801,2349.653024715328,,2325.8596986178964,2351.1998208386426,2215.0083850043943,2348.8406873405256
153,2380.3613581724526,2201.154379122845,2245.985863424648,2231.397652593801,2349.653024715328,,2325.8596986178964,2342.580425788969,2213.1141303984045,2348.824025567389
154,2380.3613581724526,2201.08840266656,2245.983260322245,2231.397652593801,2349.653024715328,,2325.8596986178964,2341.087363112201,2210.06890868671,2348.793403209052
155,2380.3613581724526,2200.971695816167,2245.9785604390054,2231.397652593801,2349.653024715328,,2325.8596986178964,2339.5297647046364,2210.169697885155,2348.770813326557
156,2380.3613581724526,2200.913995462699,2245.973800800876,2231.397652593801,2349.653024715328,,2325.8596986178964,2329.740288541374,2206.714613051764,2348.7325719802707
157,2380.3613581724526,2200.893190801015,2245.9650519634797,2231.397652593801,2349.653024715328,,2325.8596986178964,2350.1140530066787,2206.7721250041704,2348.725663395804
158,2380.3613581724526,2200.7671200304067,2245.959593940559,2231.397652593801,2349.653024715328,,2325.8596986178964,2347.28472500036,2205.436931383795,2348.657781226372
159,2380.3613581724526,2200.7511284521656,2245.956427827552,2231.397652593801,2349.653024715328,,2325.8596986178964,2348.336965041517,2207.505878387436,2348.61115475656
160,2380.3613581724526,2200.7212346741944,2245.9510809165986,2231.397652593801,2349.653024715328,,2325.8596986178964,2360.482293356657,2211.2752297535903,2348.5671587517554
161,2380.3613581724526,2200.646572882472,2245.9445335473933,2226.027320534304,2349.653024715328,,2325.8596986178964,2337.024601244646,2211.191842834443,2348.543886704868
162,2380.3613581724526,2200.6342720546872,2245.942792448398,2226.027320534304,2349.653024715328,,2325.8596986178964,2333.383396275633,2211.2585552767114,2348.530019420065
163,2380.3613581724526,2200.620896108553,2245.937617924725,2223.333652105412,2349.653024715328,,2325.8596986178964,2336.226580350408,2209.0821724812818,2348.5063608830333
164,2380.3613581724526,2200.5542820239616,2245.9352949554213,2223.333652105412,2349.653024715328,,2325.8596986178964,2333.48088777528,2207.7668957005817,2348.4951010271766
165,2380.3613581724526,2200.542835970986,2245.932556231345,2223.333652105412,2349.653024715328,,2325.237758752377,2332.0642979799336,2209.9209343849384,2348.488539282671
166,2380.3613581724526,2200.535278581632,2245.9309750104508,2223.333652105412,2349.653024715328,,2325.237758752377,2332.758110521455,2210.1221827888817,2348.4768142877515
167,2380.3613581724526,2200.4962130967765,2245.929887709005,2223.333652105412,2349.653024715328,,2325.237758752377,2333.7604432874627,2210.011407105222,2348.4671562255544
168,2380.3613581724526,2200.285709340167,2245.9246576474675,2223.333652105412,2349.653024715328,,2325.237758752377,2279.546769345979,2210.2332732220657,2348.439348808421
169,2380.3613581724526,2200.2592765748955,2245.9208816754376,2223.333652105412,2349.653024715328,,2325.237758752377,2266.515647120945,2207.563525311573,2348.4350804289984
170,2380.3613581724526,2200.208972395498,2245.917151532994,2223.333652105412,2349.653024715328,,2325.237758752377,2245.0460922463635,2211.8349598321265,2348.411881876642
171,2380.3613581724526,2200.1375249864964,2245.916447052045,2223.333652105412,2349.653024715328,,2325.237758752377,2229.474231420999,2202.200287914416,2348.402471011276
172,2380.3613581724526,2200.137907272551,2245.9138480484,2223.333652105412,2349.653024715328,,2325.237758752377,2220.2778678675418,2210.2841011170417,2348.3726208162043
173,2380.3613581724526,2200.0671781607825,2245.9129925042957,2223.333652105412,2349.653024715328,,2325.237758752377,2217.6727167296244,2208.896660622924,2348.36265200462
174,2380.3613581724526,2200.037245075988,2245.9127656547003,2223.333652105412,2349.653024715328,,2325.237758752377,2216.897472275633,2206.3914225812337,2348.351527806105
175,2380.3613581724526,2200.0341165012524,2245.9125928816047,2223.333652105412,2349.653024715328,,2325.237758752377,2214.0164332744785,2206.154710997865,2348.34773735259
176,2380.3613581724526,2200.02308021014,2245.912446429803,2223.333652105412,2349.653024715328,,2325.237758752377,2213.2841246546177,2207.5657407995773,2348.2772225649737
177,2380.3613581724526,2200.015936256073,2245.911819881114,2223.333652105412,2349.653024715328,,2325.237758752377,2212.298855994064,2206.2566524197846,2348.242292896713
178,2380.3613581724526,2200.0105551093675,2245.9110951235884,2223.333652105412,2349.653024715328,,2325.237758752377,2209.2936640065304,2205.497095939574,2348.2105732487503
179,2380.3613581724526,2200.005237770248,2245.910065407636,2223.333652105412,2349.653024715328,,2325.237758752377,2208.988474348012,2204.1038566786683,2348.1806256381315
180,2380.3613581724526,2200.0045315380225,2245.9089186709907,2223.333652105412,2349.653024715328,,2325.237758752377,2209.816951151922,2202.954339858921,2348.1598239305
181,2380.3613581724526,2200.0033572474263,2245.907996661998,2223.333652105412,2349.653024715328,,2325.237758752377,2210.771677107889,2218.998292015366,2348.1230789900374
182,2380.3613581724526,2200.0025924502,2245.9067545565413,2223.333652105412,2348.4528463010583,,2325.237758752377,2209.738166052221,2208.3433854616733,2348.119896145131
183,2380.3613581724526,2200.0013633905555,2245.906543285512,2223.333652105412,2348.4528463010583,,2325.237758752377,2209.268599748643,2204.5845408993305,2348.10310080474
184,2380.3613581724526,2200.0009444487578,2245.90611216401,2223.333652105412,2348.4528463010583,,2325.237758752377,2208.163528693743,2206.70330593996,2348.0723263277405
185,2380.3613581724526,2200.0005783447828,2245.905454188359,2223.333652105412,2348.4528463010583,,2325.237758752377,2208.569631794592,2205.9251404660504,2348.02191053859
186,2380.3613581724526,2200.000394508665,2245.905359661172,2223.333652105412,2348.4528463010583,,2325.237758752377,2207.1928951827117,2206.032638846531,2348.0180711518738
187,2380.3613581724526,2200.0003333533773,2245.9049718144397,2223.333652105412,2348.4528463010583,,2325.237758752377,2209.251482328323,2207.2317057708337,2348.006552566097
188,2380.3613581724526,2200.0002558874603,2245.904888083076,2223.333652105412,2348.4528463010583,,2325.237758752377,2207.620936522984,2207.4379696794967,2347.994550924214
189,2380.3613581724526,2200.0001306750446,2245.904707048895,2223.333652105412,2348.4528463010583,,2325.237758752377,2206.3928686724307,2209.04912014752,2347.984511512061
190,2380.3613581724526,2200.000082906285,2245.9046546084387,2223.333652105412,2348.4528463010583,,2322.1951599489357,2205.9498874908795,2208.791739086072,2347.9615287865354
191,2380.3613581724526,2200.000075575982,2245.904655990682,2223.333652105412,2348.4528463010583,,2322.1951599489357,2206.379880991214,2208.805517452493,2347.9453401499004
192,2380.3613581724526,2200.0000658359672,2245.904636260069,2223.333652105412,2348.4528463010583,,2322.1951599489357,2206.1265656270302,2207.6376644789525,2347.925426549292
193,2380.3613581724526,2200.000046777984,2245.904351691238,2223.333652105412,2348.4528463010583,,2322.1951599489357,2205.940082841689,2208.2766090986456,2347.916156367756
194,2380.3613581724526,2200.000040589595,2245.904313874152,2223.333652105412,2348.4528463010583,,2322.1951599489357,2206.006844130228,2207.3590881253804,2347.9069794275897
195,2380.3613581724526,2200.0000288024307,2245.904250166927,2223.333652105412,2348.4528463010583,,2322.1951599489357,2205.7911951074225,2207.908158968233,2347.9003733307595
196,2380.3613581724526,2200.000027670898,2245.904185218048,2223.333652105412,2348.4528463010583,,2322.1951599489357,2206.04414877694,2207.407460041197,2347.895806162869
197,2380.3613581724526,2200.0000258999544,2245.904169341557,2223.333652105412,2348.4528463010583,,2322.1951599489357,2208.105686188056,2206.234364848308,2347.891023881481
198,2380.3613581724526,2200.000024410794,2245.9041636743964,2223.333652105412,2348.4528463010583,,2322.1951599489357,2207.734027953087,2209.092810067704,2347.880548007577
199,2380.3613581724526,2200.000023482908,2245.9041615270185,2223.333652105412,2348.4528463010583,,2322.1951599489357,2207.516971365208,2212.361559023337,2347.7312730880803
200,2380.3613581724526,2200.000019693361,2245.9041615270185,2223.333652105412,2348.4528463010583,,2322.1951599489357,2207.1569631345424,2213.564661996617,2347.6925716137366
201,2380.3613581724526,2200.0000173232306,2245.9041615270185,2223.333652105412,2348.4528463010583,,2322.1951599489357,2206.537926858284,2207.2049336153914,2347.471024723691
202,2380.3613581724526,2200.000014998143,2245.9041580799726,2223.333652105412,2348.4528463010583,,2322.1951599489357,2205.725048076785,2207.7837430875243,2347.1947084048106
203,2380.3613581724526,2200.0000144290198,2245.9041496923805,2223.333652105412,2348.4528463010583,,2322.1951599489357,2204.738768152001,2205.0040680654824,2347.058854610381
204,2380.3613581724526,2200.000009019552,2245.904148037685,2223.333652105412,2348.4528463010583,,2322.1951599489357,2204.9549041366367,2204.8050223716964,2346.897071078543
205,2380.3613581724526,2200.0000075145235,2245.9041458889287,2223.333652105412,2348.4528463010583,,2322.1951599489357,2205.595948360882,2210.3644997337665,2346.851019337756
206,2380.3613581724526,2200.000006841441,2245.9041458889287,2223.333652105412,2348.4528463010583,,2322.1951599489357,2205.2682097699144,2218.59362327329,2346.7522683165234
207,2380.3613581724526,2200.000006027957,2245.9041454435046,2223.333652105412,2348.4528463010583,,2322.1951599489357,2205.3651608949053,2217.840916854725,2346.596755250261
208,2380.3613581724526,2200.000005846035,2245.9041372306074,2223.333652105412,2339.670761409865,,2322.1951599489357,2205.570987324619,2212.951176166568,2346.4967667664523
209,2380.3613581724526,2200.000004484688,2245.904128963673,2223.333652105412,2339.670761409865,,2322.1951599489357,2206.595181526241,2211.4409333418507,2346.4529730809027
210,2380.3613581724526,2200.00000344833,2245.904122452227,2223.333652105412,2339.670761409865,,2322.1951599489357,2207.9678925133094,2210.078729420283,2346.36809085626
211,2380.3613581724526,2200.0000026828943,2245.9041211331555,2223.333652105412,2339.670761409865,,2322.1951599489357,2205.8116050041936,2207.7585968894846,2346.338210239352
212,2380.3613581724526,2200.0000017161738,2245.904118155257,2223.333652105412,2339.670761409865,,2322.1951599489357,2205.899262076612,2206.764138313695,2346.2798988717504
213,2380.3613581724526,2200.000001640686,2245.9041128263043,2223.333652105412,2339.670761409865,,2322.1951599489357,2205.7746596786305,2207.405371167501,2346.223146779258
214,2380.3613581724526,2200.00000157472,2245.904110614168,2223.333652105412,2339.670761409865,,2322.1951599489357,2204.99802024894,2207.7869995162,2346.1446120130195
215,2380.3613581724526,2200.000001392356,2245.904100344359,2223.333652105412,2339.670761409865,,2322.1951599489357,2204.8998334070798,2208.2866055062987,2345.955635524195
216,2380.3613581724526,2200.000001168694,2245.904099644589,2223.333652105412,2339.670761409865,,2322.1951599489357,2204.5205345962354,2207.0004586097766,2345.861676732019
217,2380.3613581724526,2200.000000822816,2245.904099449495,2223.333652105412,2339.670761409865,,2322.1951599489357,2204.7921043213328,2207.92287004782,2345.809586267439
218,2380.3613581724526,2200.0000004811886,2245.9040966545203,2223.333652105412,2339.670761409865,,2322.1951599489357,2204.7762351397337,2206.3783414034497,2345.686840154544
219,2380.3613581724526,2200.0000003986456,2245.904085742529,2223.333652105412,2339.670761409865,,2322.1951599489357,2204.257829602904,2206.0364816167366,2345.579940747208
220,2380.3613581724526,2200.00000038743,2245.904085742529,2223.333652105412,2339.670761409865,,2322.1951599489357,2204.48867287033,2206.231802937733,2345.508972790243
221,2380.3613581724526,2200.000000356252,2245.904085742529,2223.333652105412,2339.670761409865,,2322.1951599489357,2203.9079758260223,2203.569699319365,2345.4033795927635
222,2380.3613581724526,2200.000000249843,2245.904085605522,2223.333652105412,2339.670761409865,,2322.1951599489357,2204.094909867105,2203.014751257532,2345.3354854822646
223,2380.3613581724526,2200.00000021838,2245.904085425644,2223.333652105412,2339.670761409865,,2322.1951599489357,2204.4215853655896,2202.868764950046,2345.244683906731
224,2380.3613581724526,2200.00000020124,2245.904085377277,2223.333652105412,2339.670761409865,,2322.1951599489357,2204.469378923989,2203.003202195003,2345.156345328925
225,2380.3613581724526,2200.000000149984,2245.904085287244,2223.333652105412,2339.670761409865,,2319.435166782455,2204.3510130502723,2205.6729200160603,2345.0444581253164
226,2380.3613581724526,2200.0000001296585,2245.9040852749413,2223.333652105412,2339.670761409865,,2319.4294143395014,2204.2593213879795,2204.4695225550176,2344.9928149315883
227,2380.3613581724526,2200.000000107296,2245.904085271749,2223.333652105412,2339.670761409865,,2319.4294143395014,2204.1485320038696,2204.585480810937,2344.9216668414806
228,2380.3613581724526,2200.000000087697,2245.904085259564,2223.333652105412,2339.670761409865,,2319.4294143395014,2205.2506652748166,2204.229723432178,2344.816511688904
229,2380.3613581724526,2200.0000000396067,2245.9040852585185,2223.333652105412,2339.670761409865,,2319.4294143395014,2204.025254578777,2204.6661962705834,2344.7132757514987
230,2380.3613581724526,2200.0000000303294,2245.9040852585185,2223.333652105412,2339.670761409865,,2319.4294143395014,2203.963329361872,2204.345664752259,2344.618639958728
231,2380.3613581724526,2200.000000029343,2245.904085249298,2223.333652105412,2339.670761409865,,2318.986755039551,2204.0578166027594,2204.6177010028114,2344.5821493137587
232,2380.3613581724526,2200.0000000252576,2245.9040852492417,2223.333652105412,2339.670761409865,,2318.986755039551,2203.7655712886267,2204.3906499931186,2344.455782004314
233,2380.3613581724526,2200.000000017361,2245.904085248673,2223.333652105412,2339.670761409865,,2318.986755039551,2203.736549957396,2205.032774227775,2344.3708994262506
234,2380.3613581724526,2200.000000017187,2245.904085248673,2223.333652105412,2339.670761409865,,2318.986755039551,2203.902213122481,2205.2526465869187,2344.2819021821824
235,2380.3613581724526,2200.0000000145183,2245.904085247681,2223.333652105412,2339.670761409865,,2318.986755039551,2204.3541983769346,2205.530688001974,2344.184262981488
236,2380.3613581724526,2200.0000000116847,2245.904085247681,2223.333652105412,2339.670761409865,,2318.986755039551,2204.0715086783,2205.9574853536105,2344.110793950943
237,2380.3613581724526,2200.0000000100645,2245.9040852448816,2223.333652105412,2339.670761409865,,2318.986755039551,2203.788235328783,2208.707539514777,2344.007916217551
238,2380.3613581724526,2200.0000000079917,2245.904085245025,2223.333652105412,2339.670761409865,,2318.986755039551,2204.22448046525,2206.8058905746884,2343.9124822217605
239,2380.3613581724526,2200.000000007485,2245.904085244979,2223.333652105412,2339.670761409865,,2318.986755039551,2203.8932069009497,2205.370827590667,2343.828964405924
240,2380.3613581724526,2200.0000000071104,2245.904085244828,2223.333652105412,2339.670761409865,,2318.986755039551,2203.8060938454905,2204.898431398521,2343.733180297715
241,2380.3613581724526,2200.000000006934,2245.904085244816,2223.333652105412,2339.670761409865,,2318.986755039551,2203.805738172412,2205.0705236372096,2343.564227500314
242,2380.3613581724526,2200.00000000525,2245.9040852448147,2223.333652105412,2339.670761409865,,2318.986755039551,2204.3847743794017,2204.8608707446024,2343.493038378196
243,2380.3613581724526,2200.000000004191,2245.9040852448147,2223.333652105412,2339.670761409865,,2318.986755039551,2203.626303827414,2205.145667539371,2343.3784497133447
244,2380.3613581724526,2200.0000000034397,2245.9040852448147,2223.333652105412,2339.670761409865,,2318.986755039551,2203.9756896576355,2204.213557996295,2343.3180654941825
245,2380.3613581724526,2200.000000002256,2245.904085244804,2223.333652105412,2339.670761409865,,2318.986755039551,2204.0212458286537,2204.349851970765,2343.2098448750558
246,2380.3613581724526,2200.000000001708,2245.904085244804,2223.333652105412,2339.670761409865,,2318.986755039551,2204.0270376531057,2204.301291480089,2343.083215491524
247,2380.3613581724526,2200.000000001279,2245.904085244801,2223.333652105412,2339.670761409865,,2318.986755039551,2204.197770532073,2203.898411387785,2342.965600218725
248,2380.3613581724526,2200.000000001081,2245.9040852447206,2223.333652105412,2339.670761409865,,2318.986755039551,2203.9865835213536,2212.092338274695,2342.9177928018244
249,2380.3613581724526,2200.0000000009168,2245.904085244676,2223.333652105412,2339.670761409865,,2318.9070700411144,2204.1628233863203,2205.8456653238195,2342.875166856048
250,2380.3613581724526,2200.000000000911,2245.904085244676,2223.333652105412,2339.670761409865,,2318.9070700411144,2204.5285439068584,2205.294237018129,2342.7944117782176
251,2380.3613581724526,2200.000000000793,2245.9040852446706,2223.333652105412,2339.670761409865,,2318.9070700411144,2204.3190497580417,2205.5866163720734,2342.7601882962454
252,2380.3613581724526,2200.000000000689,2245.904085244669,2223.333652105412,2339.670761409865,,2318.9070700411144,2204.2192017909333,2206.648629942554,2342.7261785266355
253,2380.3613581724526,2200.0000000006376,2245.904085244669,2223.333652105412,2339.670761409865,,2318.9070700411144,2204.122609658045,2205.808055410908,2342.6952857112847
254,2380.3613581724526,2200.000000000537,2245.904085244669,2223.333652105412,2339.670761409865,,2318.9070700411144,2203.940989507011,2204.329884837025,2342.681916243138
255,2380.3613581724526,2200.0000000005,2245.904085244669,2223.333652105412,2339.670761409865,,2318.9070700411144,2204.0025173571303,2203.842355669389,2342.670854479212
256,2380.3613581724526,2200.000000000408,2245.904085244669,2223.333652105412,2339.670761409865,,2318.9070700411144,2204.7559948583084,2204.1473026225285,2342.659759672066
257,2380.3613581724526,2200.000000000364,2245.904085244669,2223.333652105412,2339.670761409865,,2318.9070700411144,2203.776661797779,2204.1235314288747,2342.6530772684614
258,2380.3613581724526,2200.000000000329,2245.904085244669,2223.333652105412,2339.670761409865,,2318.868904888357,2203.7836389770914,2206.8050377466498,2342.6466104534543
259,2380.3613581724526,2200.0000000003256,2245.904085244649,2223.333652105412,2339.670761409865,,2318.868904888357,2203.585657890076,2204.226249509225,2342.6404581983998
260,2380.3613581724526,2200.000000000269,2245.904085244602,2223.333652105412,2339.670761409865,,2318.868904888357,2203.716896873484,2204.7990248176,2342.632328643492
261,2380.3613581724526,2200.000000000143,2245.904085244602,2217.5172530426057,2339.670761409865,,2318.868904888357,2203.8595187185347,2205.2573668990003,2342.625914163682
262,2380.3613581724526,2200.000000000133,2245.904085244602,2217.5172530426057,2339.670761409865,,2318.868904888357,2203.7698711079265,2203.97291066869,2342.6167113280017
263,2380.3613581724526,2200.000000000119,2245.904085244602,2217.5172530426057,2339.670761409865,,2318.868904888357,2203.824410531376,2203.565874312431,2342.61194155873
264,2380.3613581724526,2200.000000000076,2245.904085244602,2217.5172530426057,2339.670761409865,,2318.868904888357,2203.7728062583315,2203.178594863165,2342.6075047362187
265,2380.3613581724526,2200.000000000062,2245.904085244824,2217.5172530426057,2339.670761409865,,2318.868904888357,2203.868239754859,2203.118480041015,2342.6012349290195
266,2380.3613581724526,2200.0000000000427,2245.904085244641,2217.5172530426057,2339.670761409865,,2318.868904888357,2204.08521911423,2203.194337557865,2342.597482729419
267,2380.3613581724526,2200.0000000000314,2245.904085244641,2217.5172530426057,2339.670761409865,,2318.6849064994944,2203.8656387018523,2203.7624879901123,2342.5951665237326
268,2380.3613581724526,2200.000000000026,2245.904085244641,2217.5172530426057,2339.670761409865,,2318.6849064994944,2203.9428695419933,2203.142584372117,2342.5918083057254
269,2380.3613581724526,2200.00000000002,2245.9040852446283,2217.5172530426057,2339.670761409865,,2318.6849064994944,2203.8270619321383,2203.0828723118184,2342.590336132085
270,2380.3613581724526,2200.000000000018,2245.9040852446283,2217.5172530426057,2339.670761409865,,2318.6849064994944,2203.5163147103813,2203.504367634149,2342.587978376109
271,2380.3613581724526,2200.0000000000136,2245.904085244634,2217.5172530426057,2339.670761409865,,2318.025935652412,2203.4405298937563,2203.145023089044,2342.584907090677
272,2380.3613581724526,2200.000000000012,2245.9040852446187,2217.5172530426057,2339.670761409865,,2318.025935652412,2203.635831870304,2203.549250744777,2342.5789395868896
273,2380.3613581724526,2200.000000000012,2245.9040852446124,2217.5172530426057,2339.670761409865,,2318.025935652412,2203.5798279813503,2204.0574227638863,2342.5785995875194
274,2380.3613581724526,2200.000000000011,2245.9040852446124,2217.5172530426057,2339.670761409865,,2318.025935652412,2203.777175453219,2203.598367603453,2342.5769910327385
275,2380.3613581724526,2200.000000000011,2245.904085244602,2217.5172530426057,2339.670761409865,,2318.025935652412,2203.691216109042,2202.75813318576,2342.576618331002
276,2380.3613581724526,2200.000000000011,2245.904085244601,2217.5172530426057,2339.670761409865,,2318.025935652412,2203.864298867379,2202.5141446232,2342.576034998552
277,2380.3613581724526,2200.000000000007,2245.904085244639,2217.5172530426057,2339.670761409865,,2318.025935652412,2203.8639383909685,2202.9660694863646,2342.5749739608477
278,2380.3613581724526,2200.000000000006,2245.904085244639,2217.5172530426057,2339.670761409865,,2318.025935652412,2203.828074071645,2203.062318419672,2342.5746575888534
279,2380.3613581724526,2200.000000000005,2245.9040852445937,2217.5172530426057,2339.670761409865,,2318.025935652412,2203.786758444398,2203.300930866264,2342.574272178813
280,2380.3613581724526,2200.000000000005,2245.90408524459,2217.5172530426057,2339.670761409865,,2318.025935652412,2203.70846762295,2203.0557965210637,2342.573719647366
281,2380.3613581724526,2200.0000000000045,2245.904085244584,2217.5172530426057,2339.670761409865,,2318.025935652412,2203.890047320848,2205.638898246636,2342.5730788339115
282,2380.3613581724526,2200.0000000000045,2245.9040852445623,2217.5172530426057,2339.670761409865,,2318.025935652412,2203.876805211696,2207.699226233186,2342.572200045238
283,2380.3613581724526,2200.0000000000045,2245.904085244547,2217.5172530426057,2339.670761409865,,2318.025935652412,2203.93242026472,2204.4936662604605,2342.571500799545
284,2380.3613581724526,2200.0000000000045,2245.9040852445114,2217.5172530426057,2339.670761409865,,2317.427606925344,2203.779204601146,2202.6531307797723,2342.5696341275398
285,2380.3613581724526,2200.0000000000045,2245.904085244505,2217.5172530426057,2339.670761409865,,2317.427606925344,2203.703999393445,2202.3349775881425,2342.5686674243325
286,2380.3613581724526,2200.0000000000045,2245.904085244505,2217.5172530426057,2339.670761409865,,2317.427606925344,2203.7038779032737,2202.2619217945803,2342.566873207041
287,2380.3613581724526,2200.000000000004,2245.904085244505,2217.5172530426057,2339.670761409865,,2317.427606925344,2203.8457264020203,2203.021593927212,2342.565021459674
288,2380.3613581724526,2200.000000000004,2245.9040852445046,2217.5172530426057,2339.670761409865,,2317.427606925344,2203.7400888376046,2202.607044504145,2342.5625872912697
289,2380.3613581724526,2200.000000000004,2245.9040852445046,2217.5172530426057,2339.670761409865,,2317.427606925344,2204.041982815898,2205.035022439424,2342.5595201020046
290,2380.3613581724526,2200.000000000004,2245.9040852445046,2217.5172530426057,2339.670761409865,,2316.2627229343125,2203.5928036493574,2203.613230747368,2342.557282592952
291,2380.3613581724526,2200.000000000004,2245.9040852445046,2217.5172530426057,2339.670761409865,,2316.2627229343125,2203.573624283424,2202.834939936311,2342.5549762718524
292,2380.3613581724526,2200.0000000000027,2245.9040852445046,2217.5172530426057,2339.670761409865,,2316.2627229343125,2203.5739842601856,2202.417828760712,2342.5490407751
293,2380.3613581724526,2200.0000000000027,2245.9040852445046,2217.5172530426057,2339.670761409865,,2316.2627229343125,2203.6003831430417,2204.178539464341,2342.5440082599625
294,2380.3613581724526,2200.0000000000027,2245.9040852445046,2217.5172530426057,2339.670761409865,,2316.2627229343125,2203.88224049139,2203.207378234919,2342.5392415777337
295,2380.3613581724526,2200.0000000000027,2245.9040852445046,2217.5172530426057,2339.670761409865,,2316.2627229343125,2203.7344078876586,2202.7757295321144,2342.5337559616382
296,2380.3613581724526,2200.0000000000023,2245.9040852445046,2217.5172530426057,2339.670761409865,,2316.2627229343125,2203.61114478384,2202.705277408324,2342.5261224337764
297,2380.3613581724526,2200.0000000000023,2245.9040852445046,2217.5172530426057,2339.670761409865,,2316.2627229343125,2203.656495877902,2202.8681605900047,2342.512964448757
298,2380.3613581724526,2200.0000000000023,2245.9040852445,2217.5172530426057,2339.670761409865,,2316.2627229343125,2204.232899550366,2202.475223101924,2342.4961233319755
299,2380.3613581724526,2200.000000000002,2245.9040852445,2217.5172530426057,2339.670761409865,,2316.2627229343125,2204.1937562971125,2202.93060659757,2342.47835747844
300,2380.3613581724526,2200.0000000000014,2245.90408524617,2217.5172530426057,2339.670761409865,,2316.2627229343125,2203.760256995853,2202.606802084387,2342.447565486965
301,2380.3613581724526,2200.0000000000014,2245.90408524617,2217.5172530426057,2339.670761409865,,2316.2627229343125,2203.4771630591413,2202.911669000032,2342.423538225256
302,2380.3613581724526,2200.0000000000014,2245.904085244716,2217.5172530426057,2339.670761409865,,2316.2627229343125,2203.645098181126,2202.2837095088003,2342.3630755295235
303,2380.3613581724526,2200.000000000001,2245.9040852445914,2217.5172530426057,2339.670761409865,,2316.2627229343125,2203.512839363965,2202.4775206974923,2342.287966440045
304,2380.3613581724526,2200.000000000001,2245.9040852446915,2217.5172530426057,2339.670761409865,,2316.2627229343125,2203.641441593365,2202.385079109375,2342.199037555663
305,2380.3613581724526,2200.000000000001,2245.9040852446915,2217.5172530426057,2339.670761409865,,2316.2627229343125,2203.3889330092984,2203.8610728674344,2342.061291737975
306,2380.3613581724526,2200.000000000001,2245.9040852445087,2217.5172530426057,2339.670761409865,,2316.2627229343125,2203.6755428308807,2204.378045392881,2341.96149947056
307,2380.3613581724526,2200.000000000001,2245.9040852444537,2217.5172530426057,2339.670761409865,,2316.2627229343125,2203.472860636285,2202.6935771639924,2341.819232678793
308,2380.3613581724526,2200.000000000001,2245.9040852444537,2217.5172530426057,2335.099760361982,,2316.2627229343125,2203.2870842941275,2202.3702586852223,2341.6379278174463
309,2380.3613581724526,2200.000000000001,2245.904085244449,2217.5172530426057,2335.099760361982,,2316.2627229343125,2203.304939352932,2201.9284861653723,2341.3581162059486
310,2380.3613581724526,2200.000000000001,2245.904085244449,2217.5172530426057,2335.099760361982,,2316.2627229343125,2203.2520310036216,2201.899574316601,2341.1678499825857
311,2380.3613581724526,2200.000000000001,2245.9040852444487,2217.5172530426057,2335.099760361982,,2316.2627229343125,2203.3274538930664,2201.9003212528573,2340.9687454648747
312,2380.3613581724526,2200.000000000001,2245.9040852444487,2217.5172530426057,2335.099760361982,,2312.934050261,2203.446164236449,2202.0772069221293,2340.6440559817324
313,2380.3613581724526,2200.000000000001,2245.9040852444487,2217.5172530426057,2335.099760361982,,2312.934050261,2203.5118349832146,2202.3371512573426,2340.391183270656
314,2380.3613581724526,2200.000000000001,2245.904085244434,2217.5172530426057,2335.099760361982,,2312.934050261,2203.5248455667,2202.11674622846,2340.285169837717
315,2380.3613581724526,2200.000000000001,2245.904085244433,2217.5172530426057,2335.099760361982,,2312.934050261,2203.5511517367127,2202.381307062122,2340.2833376129897
316,2380.3613581724526,2200.000000000001,2245.904085244409,2217.5172530426057,2335.099760361982,,2312.934050261,2203.4067650267907,2202.5683134269248,2340.2833376129897
317,2380.3613581724526,2200.000000000001,2245.904085244408,2217.5172530426057,2335.099760361982,,2312.934050261,2203.388419922021,2202.479394676061,2340.282607991649
318,2380.3613581724526,2200.000000000001,2245.904085244394,2217.5172530426057,2335.099760361982,,2312.934050261,2203.746340728507,2203.03474571857,2340.2823777237727
319,2380.3613581724526,2200.000000000001,2245.904085244386,2217.5172530426057,2335.099760361982,,2312.934050261,2203.389864628372,2202.322282230952,2340.282089042683
320,2380.3613581724526,2200.000000000001,2245.904085244386,2217.5172530426057,2335.099760361982,,2312.934050261,2203.70047332513,2202.546040336582,2340.28190937317
321,2380.3613581724526,2200.000000000001,2245.904085244385,2217.5172530426057,2335.099760361982,,2312.934050261,2203.2555678703584,2202.426217659956,2340.28173298035
322,2380.3613581724526,2200.000000000001,2245.904085244385,2217.5172530426057,2335.099760361982,,2312.934050261,2203.398725540826,2203.119471524521,2340.281488048732
323,2380.3613581724526,2200.000000000001,2245.904085244385,2217.5172530426057,2335.099760361982,,2312.934050261,2203.2759148330506,2202.5296125107134,2340.281360447388
324,2380.3613581724526,2200.0000000000005,2245.9040852443845,2217.5172530426057,2335.099760361982,,2312.934050261,2203.354527086304,2202.979487306309,2340.281189027748
325,2380.3613581724526,2200.0000000000005,2245.904085244384,2217.5172530426057,2335.099760361982,,2312.934050261,2203.861304132065,2202.79630381485,2340.281070208862
326,2380.3613581724526,2200.0000000000005,2245.904085244383,2217.5172530426057,2335.099760361982,,2312.934050261,2203.4844168440804,2202.703332204487,2340.281026215862
327,2380.3613581724526,2200.0000000000005,2245.9040852443827,2217.5172530426057,2335.099760361982,,2312.934050261,2203.2300756165155,2202.971302271697,2340.280960221158
328,2380.3613581724526,2200.0000000000005,2245.9040852443827,2217.5172530426057,2335.099760361982,,2312.934050261,2203.2373775494025,2203.0593509524333,2340.280947208681
329,2380.3613581724526,2200.0000000000005,2245.9040852443823,2217.5172530426057,2335.099760361982,,2312.934050261,2203.091977677204,2203.043946416285,2340.280934229148
330,2380.3613581724526,2200.0000000000005,2245.9040852443827,2217.5172530426057,2335.099760361982,,2312.934050261,2203.0514318539194,2202.566228142091,2340.280926340686
331,2380.3613581724526,2200.0000000000005,2245.9040852443827,2217.5172530426057,2335.099760361982,,2312.934050261,2203.077573402949,2202.834638413959,2340.2809194595948
332,2380.3613581724526,2200.0000000000005,2245.9040852443823,2217.5172530426057,2335.099760361982,,2312.934050261,2203.043075962385,2202.860406925578,2340.280912552092
333,2380.3613581724526,2200.0000000000005,2245.9040852443823,2217.5172530426057,2335.099760361982,,2312.934050261,2203.080399818433,2203.501561807483,2340.2809091434287
334,2380.3613581724526,2200.0000000000005,2245.904085244382,2217.5172530426057,2335.099760361982,,2312.934050261,2203.1708058004497,2203.149345902781,2340.2809040207167
335,2380.3613581724526,2200.0000000000005,2245.904085244382,2217.5172530426057,2335.099760361982,,2312.934050261,2203.4683319266337,2203.2397184635256,2340.2808963622824
336,2380.3613581724526,2200.0000000000005,2245.904085244382,2217.5172530426057,2335.099760361982,,2312.934050261,2203.2676820823463,2202.5231408526515,2340.2808857705018
337,2380.3613581724526,2200.0000000000005,2245.904085244382,2217.5172530426057,2335.099760361982,,2312.934050261,2203.18678713952,2203.328398520828,2340.280875493539
338,2380.3613581724526,2200.0000000000005,2245.904085244383,2217.5172530426057,2335.099760361982,,2312.934050261,2203.043479053817,2202.276664176534,2340.280857333534
339,2380.3613581724526,2200.0000000000005,2245.9040852443827,2217.5172530426057,2335.099760361982,,2312.934050261,2203.06386348342,2202.1371365796517,2340.280831245009
340,2380.3613581724526,2200.0000000000005,2245.9040852443813,2217.5172530426057,2335.099760361982,,2312.934050261,2203.2120061753885,2201.958015420395,2340.280752653548
341,2380.3613581724526,2200.0000000000005,2245.9040852443813,2217.5172530426057,2335.099760361982,,2312.761260379706,2203.20454695902,2201.8647793654877,2340.280691335809
342,2380.3613581724526,2200.0000000000005,2245.904085244381,2217.5172530426057,2335.099760361982,,2308.969439395448,2203.223237382313,2203.301697037168,2340.280628238413
343,2380.3613581724526,2200.0000000000005,2245.904085244381,2217.5172530426057,2335.099760361982,,2308.969439395448,2203.154822157568,2202.478700300712,2340.2805614046515
344,2380.3613581724526,2200.0000000000005,2245.90408524438,2217.5172530426057,2335.099760361982,,2308.969439395448,2203.149554980715,2202.193949861872,2340.2805198725478
345,2380.3613581724526,2200.0000000000005,2245.9040852443795,2217.5172530426057,2335.099760361982,,2308.969439395448,2203.2002859223285,2202.566591644861,2340.280451609402
346,2380.3613581724526,2200.0000000000005,2245.9040852443795,2217.5172530426057,2335.099760361982,,2308.969439395448,2203.178752007379,2202.066670402236,2340.280397369893
347,2380.3613581724526,2200.0000000000005,2245.9040852443823,2217.5172530426057,2335.099760361982,,2308.969439395448,2203.221190109558,2201.8158219066245,2340.2802593335955
348,2380.3613581724526,2200.0000000000005,2245.9040852443823,2217.5172530426057,2335.099760361982,,2308.969439395448,2203.1890300591767,2202.6665948568693,2340.280120322984
349,2380.3613581724526,2200.0000000000005,2245.904085244384,2217.5172530426057,2335.099760361982,,2308.969439395448,2203.414114504623,2201.959243486538,2340.2799081268854
350,2380.3613581724526,2200.0000000000005,2245.904085244384,2217.5172530426057,2335.099760361982,,2308.969439395448,2203.1939658953515,2202.1939153923627,2340.279707890779
351,2380.3613581724526,2200.0000000000005,2245.904085244384,2217.5172530426057,2335.099760361982,,2308.969439395448,2203.2136550737714,2201.9517936320203,2340.279625448563
352,2380.3613581724526,2200.0000000000005,2245.9040852443827,2217.5172530426057,2335.099760361982,,2308.969439395448,2203.192502471882,2201.972531139641,2340.2796024319828
353,2380.3613581724526,2200.0000000000005,2245.9040852443827,2217.5172530426057,2335.099760361982,,2308.969439395448,2203.314624541984,2201.9901439877253,2340.27958517447
354,2380.3613581724526,2200.0000000000005,2245.9040852443827,2217.5172530426057,2335.099760361982,,2308.969439395448,2203.284694635665,2201.979730801261,2340.279584191907
355,2380.3613581724526,2200.0000000000005,2245.9040852443827,2217.5172530426057,2335.099760361982,,2308.969439395448,2203.269278614368,2202.007696126221,2340.279569436152
356,2380.3613581724526,2200.0000000000005,2245.9040852443827,2217.5172530426057,2335.099760361982,,2308.969439395448,2203.258787078266,2201.9328109526896,2340.279569436152
357,2380.3613581724526,2200.0000000000005,2245.904085244377,2217.5172530426057,2335.099760361982,,2308.969439395448,2203.3341312734105,2202.336919994384,2340.279566557705
358,2380.3613581724526,2200.0000000000005,2245.904085244377,2217.5172530426057,2335.099760361982,,2308.969439395448,2203.270194315959,2204.699042907056,2340.279566557705
359,2380.3613581724526,2200.0000000000005,2245.904085244377,2217.5172530426057,2335.099760361982,,2308.969439395448,2203.2686346365967,2203.8605496305263,2340.279565660212
360,2380.3613581724526,2200.0000000000005,2245.904085244377,2217.5172530426057,2335.099760361982,,2308.969439395448,2203.2476464215983,2202.5404215290137,2340.279565660212
361,2380.3613581724526,2200.0000000000005,2245.904085244377,2217.5172530426057,2335.099760361982,,2308.969439395448,2203.230315650263,2202.853050294841,2340.279565131312
362,2380.3613581724526,2200.0000000000005,2245.904085244377,2217.5172530426057,2335.099760361982,,2308.969439395448,2203.2568787418204,2202.347212526745,2340.279564321949
363,2380.3613581724526,2200.0000000000005,2245.904085244377,2217.5172530426057,2335.099760361982,,2308.969439395448,2203.2754405270875,2202.275428831301,2340.27956372211
364,2380.3613581724526,2200.0000000000005,2245.904085244377,2217.5172530426057,2335.099760361982,,2308.969439395448,2203.2204401729914,2202.7297092908616,2340.27956372211
365,2380.3613581724526,2200.0000000000005,2245.904085244377,2217.5172530426057,2335.099760361982,,2308.969439395448,2203.2006755139478,2202.8014140973264,2340.279562934418
366,2380.3613581724526,2200.0000000000005,2245.904085244377,2217.5172530426057,2335.099760361982,,2308.969439395448,2203.198496950692,2237.587570396383,2340.2795620737083
367,2380.3613581724526,2200.0000000000005,2245.904085244377,2217.5172530426057,2335.099760361982,,2308.969439395448,2203.245699272316,2217.3037646818534,2340.279560874536
368,2380.3613581724526,2200.0000000000005,2245.904085244377,2217.5172530426057,2335.099760361982,,2308.969439395448,2203.1976357229883,2209.583961728074,2340.279559179388
369,2380.3613581724526,2200.0000000000005,2245.904085244377,2217.5172530426057,2335.099760361982,,2308.969439395448,2203.2114069857894,2208.2976468037914,2340.2795575700525
370,2380.3613581724526,2200.0000000000005,2245.904085244377,2217.5172530426057,2335.099760361982,,2308.969439395448,2203.229596339586,2208.000059756993,2340.2795538827795
371,2380.3613581724526,2200.0000000000005,2245.904085306972,2217.5172530426057,2335.099760361982,,2308.9305729136413,2203.200251761262,2206.5466366921046,2340.2795532056703
372,2380.3613581724526,2200.0000000000005,2245.904085289156,2217.5172530426057,2335.099760361982,,2308.9305729136413,2203.197350962411,2205.07631527636,2340.2795529570417
373,2380.3613581724526,2200.0000000000005,2245.904085289156,2217.5172530426057,2335.099760361982,,2308.9305729136413,2203.2000904982533,2203.9849926817856,2340.279552839017
374,2380.3613581724526,2200.0000000000005,2245.9040853030697,2217.5172530426057,2335.099760361982,,2308.9305729136413,2203.340831425961,2203.372038040068,2340.279552696026
375,2380.3613581724526,2200.0000000000005,2245.904085269695,2217.5172530426057,2335.099760361982,,2308.9305729136413,2203.262868936465,2203.470106123777,2340.279552538939
376,2380.3613581724526,2200.0000000000005,2245.9040852496687,2217.5172530426057,2335.099760361982,,2308.9305729136413,2203.22597409012,2204.489125887357,2340.2795524786898
377,2380.3613581724526,2200.0000000000005,2245.9040852464022,2217.5172530426057,2335.099760361982,,2308.9305729136413,2203.2365769695025,2202.570359799289,2340.279552431715
378,2380.3613581724526,2200.0000000000005,2245.9040852464022,2217.5172530426057,2335.099760361982,,2308.9305729136413,2203.497596434062,2202.195849917331,2340.279552297597
379,2380.3613581724526,2200.0000000000005,2245.904085246318,2217.5172530426057,2335.099760361982,,2308.9305729136413,2203.1150651702533,2202.0523600885954,2340.2795522199663
380,2380.3613581724526,2200.0000000000005,2245.904085246318,2217.5172530426057,2335.099760361982,,2308.9305729136413,2203.1134904665823,2202.372921660474,2340.2795520159266
381,2380.3613581724526,2200.0000000000005,2245.90408524626,2217.5172530426057,2335.099760361982,,2308.9305729136413,2203.184103670148,2202.3768629239557,2340.2795517580166
382,2380.3613581724526,2200.0000000000005,2245.9040852461158,2217.5172530426057,2335.099760361982,,2308.9305729136413,2203.189883553811,2202.3534574441164,2340.279551411632
383,2380.3613581724526,2200.0000000000005,2245.9040852458807,2217.5172530426057,2335.099760361982,,2308.9305729136413,2203.170070066242,2202.1059965234226,2340.279551182064
384,2380.3613581724526,2200.0000000000005,2245.904085245772,2217.5172530426057,2335.099760361982,,2308.9305729136413,2203.1570508452523,2202.323889358572,2340.2795511657746
385,2380.3613581724526,2200.0000000000005,2245.904085245772,2217.5172530426057,2335.099760361982,,2308.9305729136413,2203.1336429432827,2202.1217241012814,2340.279551146483
386,2380.3613581724526,2200.0000000000005,2245.904085245807,2217.5172530426057,2335.099760361982,,2308.9305729136413,2203.158423014821,2202.877988842302,2340.279551136872
387,2380.3613581724526,2200.0000000000005,2245.904085245807,2217.5172530426057,2335.099760361982,,2308.9305729136413,2203.1718124066188,2201.852663340609,2340.2795511214517
388,2380.3613581724526,2200.0000000000005,2245.904085245807,2217.5172530426057,2335.099760361982,,2308.9305729136413,2203.1058823533635,2201.9219019579714,2340.279551120537
389,2380.3613581724526,2200.0000000000005,2245.904085245807,2217.5172530426057,2335.099760361982,,2308.8187003392877,2203.259380424788,2202.2153635399536,2340.279551111911
390,2380.3613581724526,2200.0000000000005,2245.904085245807,2217.5172530426057,2335.099760361982,,2308.8187003392877,2203.188779511212,2204.3678194015106,2340.279551100642
391,2380.3613581724526,2200.0000000000005,2245.904085245805,2217.5172530426057,2335.099760361982,,2308.8187003392877,2203.087490364824,2203.322860475471,2340.279551094438
392,2380.3613581724526,2200.0000000000005,2245.904085245805,2217.5172530426057,2335.099760361982,,2308.8187003392877,2203.240653179675,2203.383336240525,2340.2795510911124
393,2380.3613581724526,2200.0000000000005,2245.904085245805,2217.5172530426057,2335.099760361982,,2308.8187003392877,2203.0914604535083,2203.0853706794983,2340.279551085778
394,2380.3613581724526,2200.0000000000005,2245.904085248432,2217.5172530426057,2335.099760361982,,2308.8187003392877,2203.086732438122,2202.62468018172,2340.2795510853657
395,2380.3613581724526,2200.0000000000005,2245.904085248742,2217.5172530426057,2335.099760361982,,2308.8187003392877,2203.1043008935817,2203.24085028132,2340.279551083652
396,2380.3613581724526,2200.0000000000005,2245.904085248498,2217.5172530426057,2335.099760361982,,2307.8180939583394,2203.09061058158,2202.4369814245224,2340.279551082353
397,2380.3613581724526,2200.0000000000005,2245.9040852485864,2217.5172530426057,2335.099760361982,,2307.8180939583394,2203.100833696691,2201.900203225632,2340.279551081828
398,2380.3613581724526,2200.0000000000005,2245.9040852485864,2217.5172530426057,2335.099760361982,,2307.8180939583394,2203.059968231285,2201.636871750145,2340.279551081828
399,2380.3613581724526,2200.0000000000005,2245.9040852485864,2217.5172530426057,2335.099760361982,,2307.8180939583394,2203.0972054633926,2201.737532308905,2340.279551081179
400,2380.3613581724526,2200.0000000000005,2245.9040852485864,2217.5172530426057,2335.099760361982,,2307.8180939583394,2203.086884868207,2213.467470186942,2340.2795510808555
401,2380.3613581724526,2200.0000000000005,2245.9040852485864,2217.5172530426057,2335.099760361982,,2307.8062830729923,2203.0736450900968,2206.9698127010524,2340.2795510806536
402,2380.3613581724526,2200.0000000000005,2245.9040852483704,2217.5172530426057,2335.099760361982,,2307.8062830729923,2203.089086029977,2204.1602864555125,2340.279551080436
403,2380.3613581724526,2200.0000000000005,2245.904085246925,2217.5172530426057,2335.099760361982,,2307.8062830729923,2203.001998272863,2203.867030833786,2340.279551080135
404,2380.3613581724526,2200.0000000000005,2245.9040852468866,2217.5172530426057,2335.099760361982,,2307.8062830729923,2202.9984871662023,2203.478415284108,2340.2795510799683
405,2380.3613581724526,2200.0000000000005,2245.904085246885,2217.5172530426057,2335.099760361982,,2307.8062830729923,2202.9942583299967,2203.226598924195,2340.279551079955
406,2380.3613581724526,2200.0000000000005,2245.9040852468856,2217.5172530426057,2335.099760361982,,2307.8062830729923,2202.9862543089976,2203.185436158927,2340.2795510799515
407,2380.3613581724526,2200.0000000000005,2245.9040852468856,2217.5172530426057,2335.099760361982,,2307.8062830729923,2202.928575664161,2209.991392588106,2340.279551079916
408,2380.3613581724526,2200.0000000000005,2245.904085246684,2217.5172530426057,2335.099760361982,,2307.8062830729923,2202.941746989442,2208.9059483409537,2340.2795510799
409,2380.3613581724526,2200.0000000000005,2245.904085246684,2217.5172530426057,2335.099760361982,,2307.8062830729923,2202.9399347169133,2208.7489810834318,2340.2795510799
410,2380.3613581724526,2200.0000000000005,2245.9040852466824,2217.5172530426057,2335.099760361982,,2307.8062830729923,2202.928013246652,2208.828773967516,2340.2795510798965
411,2380.3613581724526,2200.0000000000005,2245.9040852466824,2217.5172530426057,2335.099760361982,,2307.8062830729923,2202.93874325273,2208.392001852113,2340.279551079896
412,2380.3613581724526,2200.0000000000005,2245.9040852466824,2217.5172530426057,2335.099760361982,,2307.8062830729923,2202.9303321392845,2208.548311230561,2340.279551079892
413,2380.3613581724526,2200.0000000000005,2245.904085245724,2217.5172530426057,2335.099760361982,,2307.8062830729923,2202.9072145283862,2207.598112917213,2340.279551079884
414,2380.3613581724526,2200.0000000000005,2245.904085245416,2217.5172530426057,2335.099760361982,,2307.8062830729923,2202.936044207882,2206.488381217044,2340.279551079878
415,2380.3613581724526,2200.0000000000005,2245.904085245355,2217.5172530426057,2335.099760361982,,2307.8062830729923,2202.941452682316,2206.40832846841,2340.279551079874
416,2380.3613581724526,2200.0000000000005,2245.9040852452194,2217.5172530426057,2335.099760361982,,2307.8062830729923,2202.9348462387857,2206.109079522919,2340.279551079874
417,2380.3613581724526,2200.0000000000005,2245.9040852452194,2217.5172530426057,2335.099760361982,,2307.8062830729923,2202.9221618169686,2206.442378363382,2340.279551079871
418,2380.3613581724526,2200.0000000000005,2245.9040852450603,2217.5172530426057,2335.099760361982,,2307.8006696026337,2202.9289683969805,2205.5375623544483,2340.2795510798705
419,2380.3613581724526,2200.0000000000005,2245.904085244888,2217.5172530426057,2335.099760361982,,2307.8006696026337,2202.920320284039,2205.3762925588976,2340.2795510798683
420,2380.3613581724526,2200.0000000000005,2245.9040852448748,2217.5172530426057,2335.099760361982,,2307.8006696026337,2202.9131130955293,2205.208567134367,2340.279551079868
421,2380.3613581724526,2200.0000000000005,2245.9040852448643,2217.5172530426057,2335.099760361982,,2307.8006696026337,2202.906219942477,2205.428901082464,2340.279551079868
422,2380.3613581724526,2200.0000000000005,2245.904085244854,2217.5172530426057,2335.099760361982,,2307.8006696026337,2202.9104074185884,2205.536531873377,2340.2795510798665
423,2380.3613581724526,2200.0000000000005,2245.904085244847,2217.5172530426057,2335.099760361982,,2307.8006696026337,2202.905818571267,2205.3671651821574,2340.2795510798665
424,2380.3613581724526,2200.0000000000005,2245.904085244841,2217.5172530426057,2335.099760361982,,2307.8006696026337,2202.9171765145365,2205.3460240613617,2340.2795510798665
425,2380.3613581724526,2200.0000000000005,2245.9040852448047,2217.5172530426057,2335.099760361982,,2307.8006696026337,2202.89554220699,2205.218163407426,2340.2795510798665
426,2380.3613581724526,2200.0000000000005,2245.9040852448047,2217.5172530426057,2335.099760361982,,2307.8006696026337,2202.879528024529,2205.319700868121,2340.279551079866
427,2380.3613581724526,2200.0000000000005,2245.904085244783,2217.5172530426057,2335.099760361982,,2307.8006696026337,2202.8840572177096,2205.21608892019,2340.279551079866
428,2380.3613581724526,2200.0000000000005,2245.9040852447506,2217.5172530426057,2335.099760361982,,2307.8006696026337,2202.876201976614,2205.8950655132826,2340.279551079866
429,2380.3613581724526,2200.0000000000005,2245.9040852447506,2217.5172530426057,2335.099760361982,,2307.8006696026337,2202.875787342317,2205.269609830595,2340.279551079866
430,2380.3613581724526,2200.0000000000005,2245.9040852447065,2217.5172530426057,2335.099760361982,,2307.8006696026337,2202.8448120982384,2204.875619356689,2340.279551079866
431,2380.3613581724526,2200.0000000000005,2245.9040852447065,2217.5172530426057,2335.099760361982,,2307.8006696026337,2202.841837730967,2204.81329452752,2340.279551079866
432,2380.3613581724526,2200.0000000000005,2245.9040852447065,2217.5172530426057,2335.099760361982,,2307.8006696026337,2202.850318922831,2205.080067669734,2340.279551079866
433,2380.3613581724526,2200.0000000000005,2245.9040852447065,2217.5172530426057,2335.099760361982,,2307.8006696026337,2202.830345631419,2204.2082597772624,2340.279551079866
434,2380.3613581724526,2200.0000000000005,2245.9040852447065,2217.5172530426057,2335.099760361982,,2307.8006696026337,2202.848402373961,2203.58582864615,2340.279551079866
435,2380.3613581724526,2200.0000000000005,2245.9040852447065,2217.5172530426057,2335.099760361982,,2307.8006696026337,2202.8476931534537,2203.64611345738,2340.279551079866
436,2380.3613581724526,2200.0000000000005,2245.9040852447065,2217.5172530426057,2335.099760361982,,2307.8006696026337,2202.836738535648,2203.595040789982,2340.279551079866
437,2380.3613581724526,2200.0000000000005,2245.9040852447065,2217.5172530426057,2335.099760361982,,2307.8006696026337,2202.835963034115,2204.0426896660165,2340.279551079866
438,2380.3613581724526,2200.0000000000005,2245.9040852447065,2217.5172530426057,2335.099760361982,,2307.8006696026337,2202.8410954591527,2203.381334406579,2340.279551079866
439,2380.3613581724526,2200.0000000000005,2245.9040852447065,2217.5172530426057,2335.099760361982,,2307.8006696026337,2202.833409720722,2203.5795014826267,2340.279551079866
440,2380.3613581724526,2200.0000000000005,2245.904085244704,2217.5172530426057,2335.099760361982,,2307.8006696026337,2202.816498423092,2203.30002730387,2340.279551079866
441,2380.3613581724526,2200.0000000000005,2245.9040852447024,2217.5172530426057,2335.099760361982,,2307.8006696026337,2202.826094415433,2203.2510030399176,2340.279551079866
442,2380.3613581724526,2200.0000000000005,2245.9040852447024,2217.5172530426057,2335.099760361982,,2307.8006696026337,2202.81330829134,2202.8552794744883,2340.279551079866
443,2380.3613581724526,2200.0000000000005,2245.9040852447024,2217.5172530426057,2335.099760361982,,2307.8006696026337,2202.8125639412174,2202.6886830014505,2340.279551079866
444,2380.3613581724526,2200.0000000000005,2245.9040852447424,2217.5172530426057,2335.099760361982,,2307.8006696026337,2202.811344268389,2202.306458455997,2340.279551079866
445,2380.3613581724526,2200.0000000000005,2245.9040852447424,2217.5172530426057,2335.099760361982,,2307.8006696026337,2202.822596956308,2201.916494028374,2340.279551079866
446,2380.3613581724526,2200.0000000000005,2245.90408524474,2217.5172530426057,2335.099760361982,,2307.8006696026337,2202.8095412371867,2201.779432411945,2340.279551079866
447,2380.3613581724526,2200.0000000000005,2245.9040852447406,2217.5172530426057,2335.099760361982,,2307.8006696026337,2202.803054663861,2201.2707330926,2340.279551079866
448,2380.3613581724526,2200.0000000000005,2245.904085244716,2217.5172530426057,2335.099760361982,,2307.8006696026337,2202.80452781011,2201.146297734008,2340.279551079866
449,2380.3613581724526,2200.0000000000005,2245.9040852447147,2217.5172530426057,2335.099760361982,,2307.8006696026337,2202.791089560211,2205.438711057317,2340.279551079866
450,2380.3613581724526,2200.0000000000005,2245.904085244714,2217.5172530426057,2335.099760361982,,2307.8006696026337,2202.796136378732,2202.68531031853,2340.279551079866
451,2380.3613581724526,2200.0000000000005,2245.904085244714,2217.5172530426057,2335.099760361982,,2307.8006696026337,2202.7850397266006,2202.1225848505896,2340.279551079866
452,2380.3613581724526,2200.0000000000005,2245.9040852446046,2217.5172530426057,2335.099760361982,,2307.8006696026337,2202.777781493483,2202.075264783488,2340.279551079866
453,2380.3613581724526,2200.0000000000005,2245.9040852446046,2217.5172530426057,2335.099760361982,,2307.8006696026337,2202.765009450415,2202.2587729300058,2340.279551079866
454,2380.3613581724526,2200.0000000000005,2245.904085244604,2217.5172530426057,2335.099760361982,,2307.8006696026337,2202.7594897009103,2202.048417387701,2340.279551079866
455,2380.3613581724526,2200.0000000000005,2245.9040852445373,2217.5172530426057,2335.099760361982,,2307.8006696026337,2202.761361389835,2201.929212253185,2340.279551079866
456,2380.3613581724526,2200.0000000000005,2245.9040852445264,2217.5172530426057,2335.099760361982,,2307.8006696026337,2202.757356670837,2201.781837157548,2340.279551079866
457,2380.3613581724526,2200.0000000000005,2245.9040852445264,2217.5172530426057,2335.099760361982,,2307.8006696026337,2202.74040826189,2201.673448003085,2340.279551079866
458,2380.3613581724526,2200.0000000000005,2245.9040852445264,2217.5172530426057,2335.099760361982,,2307.678401315296,2202.7422554742834,2201.5633945363247,2340.279551079866
459,2380.3613581724526,2200.0000000000005,2245.9040852445264,2217.5172530426057,2335.099760361982,,2307.678401315296,2202.747841616451,2201.2785506188084,2340.279551079866
460,2380.3613581724526,2200.0000000000005,2245.9040852445264,2217.5172530426057,2335.099760361982,,2307.678401315296,2202.74058850144,2201.241589893796,2340.279551079866
461,2380.3613581724526,2200.0000000000005,2245.9040852445264,2217.5172530426057,2335.099760361982,,2307.6641991524707,2202.739141092782,2201.157304839382,2340.279551079866
462,2380.3613581724526,2200.0000000000005,2245.904085244553,2217.5172530426057,2335.099760361982,,2307.6641991524707,2202.7342941251272,2201.245925470835,2340.279551079866
463,2380.3613581724526,2200.0000000000005,2245.9040852446487,2217.5172530426057,2335.099760361982,,2307.626887452821,2202.730686150516,2201.1575513299845,2340.279551079866
464,2380.3613581724526,2200.0000000000005,2245.9040852445755,2217.5172530426057,2335.099760361982,,2307.626887452821,2202.723865414669,2201.161501287014,2340.279551079866
465,2380.3613581724526,2200.0000000000005,2245.9040852445687,2217.5172530426057,2335.099760361982,,2307.626887452821,2202.7219535302484,2201.073895858039,2340.279551079866
466,2380.3613581724526,2200.0000000000005,2245.9040852445605,2217.5172530426057,2335.099760361982,,2307.626887452821,2202.722767318372,2200.9965298924035,2340.279551079866
467,2380.3613581724526,2200.0000000000005,2245.9040852445587,2217.5172530426057,2335.099760361982,,2307.626887452821,2202.724499831226,2200.8161666904152,2340.279551079866
468,2380.3613581724526,2200.0000000000005,2245.904085244558,2217.5172530426057,2335.099760361982,,2307.626887452821,2202.7217466450247,2200.7809281512264,2340.279551079866
469,2380.3613581724526,2200.0000000000005,2245.904085244558,2217.5172530426057,2335.099760361982,,2307.626887452821,2202.7189722187127,2200.6845647623886,2340.279551079866
470,2380.3613581724526,2200.0000000000005,2245.904085244508,2217.5172530426057,2335.099760361982,,2307.626887452821,2202.7173879759007,2200.995803953135,2340.279551079866
471,2380.3613581724526,2200.0000000000005,2245.904085244508,2217.5172530426057,2335.099760361982,,2307.626887452821,2202.7214793631583,2200.808629737165,2340.279551079866
472,2380.3613581724526,2200.0000000000005,2245.904085244511,2217.5172530426057,2335.099760361982,,2307.626887452821,2202.718871363343,2201.581465733716,2340.279551079866
473,2380.3613581724526,2200.0000000000005,2245.904085244511,2217.5172530426057,2335.099760361982,,2307.626887452821,2202.716218238331,2200.834723588021,2340.279551079866
474,2380.3613581724526,2200.0000000000005,2245.904085245369,2217.5172530426057,2335.099760361982,,2307.626887452821,2202.712853165264,2200.638145807975,2340.279551079866
475,2380.3613581724526,2200.0000000000005,2245.904085244839,2217.5172530426057,2335.099760361982,,2307.626887452821,2202.708643823276,2200.465711945579,2340.279551079866
476,2380.3613581724526,2200.0000000000005,2245.9040852447797,2217.5172530426057,2335.099760361982,,2307.626887452821,2202.7045359317503,2200.438771459256,2340.279551079866
477,2380.3613581724526,2200.0000000000005,2245.904085244769,2217.5172530426057,2335.099760361982,,2307.626887452821,2202.704487227361,2200.417492735653,2340.279551079866
478,2380.3613581724526,2200.0000000000005,2245.904085244769,2217.5172530426057,2335.099760361982,,2307.5393911757374,2202.701328971492,2200.5525107943163,2340.279551079866
479,2380.3613581724526,2200.0000000000005,2245.9040852447674,2217.5172530426057,2335.099760361982,,2307.5393911757374,2202.7006820721194,2200.4919622645643,2340.279551079866
480,2380.3613581724526,2200.0000000000005,2245.9040852447674,2217.5172530426057,2335.099760361982,,2307.5393911757374,2202.700592740233,2200.648002041484,2340.279551079866
481,2380.3613581724526,2200.0000000000005,2245.9040852447674,2213.990825895815,2335.099760361982,,2307.5393911757374,2202.7011179659903,2200.5352795817207,2340.279551079866
482,2380.3613581724526,2200.0000000000005,2245.9040852447647,2213.990825895815,2335.099760361982,,2307.5393911757374,2202.6994043577465,2200.550967179234,2340.279551079866
483,2380.3613581724526,2200.0000000000005,2245.9040852447647,2213.990825895815,2335.099760361982,,2307.536183860612,2202.6981071462083,2200.515557380732,2340.279551079866
484,2380.3613581724526,2200.0000000000005,2245.9040852447647,2213.990825895815,2335.099760361982,,2307.536183860612,2202.697375772919,2200.49284183136,2340.279551079866
485,2380.3613581724526,2200.0000000000005,2245.9040852447647,2213.990825895815,2335.099760361982,,2307.536183860612,2202.695310050793,2200.4261180545614,2340.279551079866
486,2380.3613581724526,2200.0000000000005,2245.904085244764,2213.990825895815,2335.099760361982,,2307.536183860612,2202.6945481219486,2200.448366002967,2340.279551079866
487,2380.3613581724526,2200.0000000000005,2245.904085244764,2213.990825895815,2335.099760361982,,2307.536183860612,2202.6941767918106,2200.3607206318675,2340.279551079866
488,2380.3613581724526,2200.0000000000005,2245.904085244764,2213.990825895815,2335.099760361982,,2307.536183860612,2202.691350583467,2200.530482115307,2340.279551079866
489,2380.3613581724526,2200.0000000000005,2245.904085244764,2213.990825895815,2335.099760361982,,2307.536183860612,2202.6904350654618,2200.36734611542,2340.279551079866
490,2380.3613581724526,2200.0000000000005,2245.904085244716,2213.990825895815,2335.099760361982,,2307.536183860612,2202.690415550698,2200.4111022549387,2340.279551079866
491,2380.3613581724526,2200.0,2245.904085244711,2213.990825895815,2335.099760361982,,2307.536183860612,2202.688441637592,2200.298356022879,2340.279551079866
492,2380.3613581724526,2200.0,2245.9040852447088,2213.990825895815,2335.099760361982,,2307.536183860612,2202.687416908583,2200.3593006396227,2340.279551079866
493,2380.3613581724526,2200.0,2245.9040852447074,2213.990825895815,2335.099760361982,,2307.536183860612,2202.686746067632,2200.3208496868374,2340.279551079866
494,2380.3613581724526,2200.0,2245.9040852447074,2213.990825895815,2335.099760361982,,2307.536183860612,2202.6863159717054,2200.302118192674,2340.279551079866
495,2380.340109588956,2200.0,2245.9040852447056,2213.990825895815,2335.099760361982,,2307.536183860612,2202.685968018613,2200.29228117055,2340.279551079866
496,2380.340109588956,2200.0,2245.9040852447056,2213.990825895815,2335.099760361982,,2307.536183860612,2202.68589935257,2200.2906456350947,2340.279551079866
497,2379.6018276260443,2200.0,2245.904085244704,2213.990825895815,2335.099760361982,,2307.536183860612,2202.685707384128,2200.231621797868,2340.279551079866
498,2379.6018276260443,2200.0,2245.9040852446906,2213.990825895815,2335.099760361982,,2307.536183860612,2202.68460389614,2200.21900463071,2340.279551079866
499,2379.6018276260443,2200.0,2245.9040852446897,2213.990825895815,2335.099760361982,,2307.536183860612,2202.6830764453493,2200.213215984958,2340.279551079866
500,2379.6018276260443,2200.0,2245.9040852446883,,2335.099760361982,,,2202.6830764453493,2200.213215984958,
