,HI_WOA,ImprovedGA,OriginalGSKA,OriginalHGS,L_SHADE,BaseSMA,OriginalSMA,AdaptiveEO,DHO_KR
0,23927598070.33019,11345210943.340946,23295931016.17489,11648539838.963585,11262517543.373123,20161167509.020912,19765266111.509792,8470927664.117502,13437755547.309816
1,15051725687.241852,6155264073.610083,15381389958.558537,11127141288.717615,7602068767.774095,19838996467.772377,32143516719.954502,5318590727.811835,13437755547.309816
2,15051725687.241852,4388564281.88077,15381389958.558537,9304517232.813608,6949812852.250934,23001555470.87801,29903694961.71884,2753780273.482685,13437755547.309816
3,15051725687.241852,2833668424.0359683,9244909911.70204,8278686521.6412,5632787811.310223,14016221825.449783,21748646061.54652,2516284589.859088,13437755547.309816
4,15051725687.241852,2833668424.0359683,8314339528.276223,7978289092.168436,5632787811.310223,15110839405.384272,18997967787.51839,1907181974.4530632,13437755547.309816
5,15051725687.241852,2833668424.0359683,3866349207.7835855,7669670611.07806,5632787811.310223,11277322943.390757,13767101367.55024,1163544743.259087,10834399297.044527
6,15051725687.241852,2833668424.0359683,3866349207.7835855,7417530474.478286,4558011209.013673,14166329359.475794,12579659863.840212,979566298.9762363,9815629219.41243
7,15051725687.241852,2833668424.0359683,3866349207.7835855,6897395637.043122,4558011209.013673,11572988611.252497,11354912235.447289,794963154.5479265,9630152569.155062
8,15051725687.241852,2753927851.834569,3529353666.4765444,6780616930.901408,3965974676.95952,8909486557.056562,12473902529.729551,794699121.1086366,8900649732.961584
9,11184230909.006912,1695872742.2459896,2955923959.886457,6541114199.39337,3965974676.95952,10829222562.792402,19640963483.240234,794049186.1693704,7965955847.984944
10,11184230909.006912,1695872742.2459896,2323466754.6954107,4799207845.146385,1574336985.4969833,9869958639.126717,18250304897.175625,793576768.1293622,7965955847.984944
11,11184230909.006912,1695872742.2459896,2075831281.6205688,4349817210.976469,1574336985.4969833,10267320083.186178,16304686966.894136,792936341.7245656,7965955847.984944
12,11184230909.006912,1695872742.2459896,2033662134.630051,3265613194.076141,1574336985.4969833,10699715631.811718,15658526036.726456,791586114.414549,7965955847.984944
13,11184230909.006912,1695872742.2459896,1754334122.4852035,3066980503.9655533,1531833436.8654249,4815653587.224634,20179345622.68912,790025593.5055016,7965955847.984944
14,11184230909.006912,1695872742.2459896,1721956036.6135502,2803607734.413622,1531833436.8654249,6407809458.957142,20021461569.43038,789775269.8799309,7965955847.984944
15,11184230909.006912,1695872742.2459896,1143315532.1746702,2367064202.5798755,1153121088.4399462,4431133284.833051,21663212726.317265,788972090.4467151,7965955847.984944
16,11184230909.006912,1695872742.2459896,1143315532.1746702,1945577212.8400676,1084884992.7151952,6799509061.101085,17776750189.454155,787230794.279371,6925718356.47109
17,11184230909.006912,1695872742.2459896,734411290.8366188,1767983110.142966,936855757.478101,10510066763.776035,14750873890.050352,785962676.8271627,6925718356.47109
18,11184230909.006912,1695872742.2459896,695294640.161272,1615830419.0648122,764228729.3541471,8483395522.021727,19665396039.183,783909116.9201132,6925718356.47109
19,11184230909.006912,1320635541.9772582,695294640.161272,1026549239.3343158,764228729.3541471,6383064474.358826,11701459451.732716,780122940.4209388,6925718356.47109
20,11184230909.006912,1320635541.9772582,695294640.161272,828584380.6206757,762775241.2885928,4740745214.057923,11904016183.24594,777474706.9168473,6891631379.9599285
21,11184230909.006912,1320635541.9772582,522539729.5855869,699924852.0321233,530796979.10637873,5621666392.412463,10752705007.483212,776568376.6722217,6538822837.526036
22,11184230909.006912,1320635541.9772582,522539729.5855869,560523746.2467602,530796979.10637873,9977209792.05564,5685904187.548496,773223785.9334856,6538822837.526036
23,11184230909.006912,1231093754.8235874,522539729.5855869,538807758.393989,369505396.1309517,6907143855.852742,8791237372.57729,771267539.3642238,6518830763.679965
24,11184230909.006912,1231093754.8235874,522539729.5855869,524016940.27447855,323142832.0637422,5720883316.964545,8151910310.565568,768160471.1707107,4215532021.1463695
25,11184230909.006912,1231093754.8235874,522539729.5855869,509909118.4386903,323142832.0637422,5414669740.092119,8945622146.375587,765376783.7288481,4215532021.1463695
26,11184230909.006912,1231093754.8235874,522539729.5855869,494660286.99687606,103751136.58539844,8684911462.9932,11624150661.26114,760718576.7993138,4215532021.1463695
27,11184230909.006912,1231093754.8235874,466913716.6675692,465610530.0719783,103751136.58539844,7419406637.7367,12656236887.332285,757503314.3538507,4215532021.1463695
28,11184230909.006912,1231093754.8235874,425896412.91704345,463742675.8319001,103751136.58539844,8581415369.932077,11558585009.462637,753184212.7798957,2715090244.8347054
29,11184230909.006912,1231093754.8235874,425896412.91704345,447777173.21186334,103751136.58539844,6313770257.495004,11482143984.52954,749134396.1493402,2715090244.8347054
30,11184230909.006912,1231093754.8235874,366698126.3130352,442560497.4631901,103751136.58539844,3687053068.717117,16569076803.298946,488538823.5415785,2715090244.8347054
31,11184230909.006912,1231093754.8235874,273699131.024367,431550477.61530703,103751136.58539844,3261755379.945673,12790230558.270508,485230728.3040998,2715090244.8347054
32,11184230909.006912,1231093754.8235874,273699131.024367,430286956.1972852,103751136.58539844,4193609573.858991,6135980230.840866,480222864.2980667,2715090244.8347054
33,10999875804.02468,1231093754.8235874,217535657.3925527,426131269.78430486,62587062.2848091,3151220539.157772,3168926416.356574,474639000.6920151,2715090244.8347054
34,10999875804.02468,1231093754.8235874,217535657.3925527,425327129.246898,61124222.44850424,4919023146.99358,6337501695.6877575,470597364.47941154,2715090244.8347054
35,10999875804.02468,1231093754.8235874,217535657.3925527,424685342.9576125,61124222.44850424,4917773573.154574,4722878119.512307,466575251.8727361,2715090244.8347054
36,10999875804.02468,1231093754.8235874,217535657.3925527,408226750.1221798,61124222.44850424,3390173845.0569644,5772180075.584399,460803312.4549123,2715090244.8347054
37,10999875804.02468,1231093754.8235874,217535657.3925527,400529473.06643337,61124222.44850424,6076621388.213581,7990397738.435014,456044211.9326464,2715090244.8347054
38,10999875804.02468,1231093754.8235874,217535657.3925527,379047075.0863629,61124222.44850424,4024684794.6952543,9574492832.79668,449660176.998392,2715090244.8347054
39,10999875804.02468,1231093754.8235874,217535657.3925527,364075223.36159056,52315145.9846685,5770542100.1753845,7748042487.990258,444703833.3111131,2715090244.8347054
40,10557776321.715157,1231093754.8235874,217535657.3925527,353379569.8210241,52315145.9846685,8164742463.371596,6856268875.697251,441011161.3180259,2715090244.8347054
41,10557776321.715157,1231093754.8235874,136455701.80022237,326552364.03514946,52315145.9846685,5450021326.75052,7140199186.840185,436998283.7409176,2715090244.8347054
42,10557776321.715157,1231093754.8235874,136455701.80022237,318548033.33399546,52315145.9846685,4548233766.063217,6790855343.865158,430894642.725482,2715090244.8347054
43,10557776321.715157,992752709.7542,136455701.80022237,317010722.0872551,52315145.9846685,4622152965.532442,4487663167.800655,425228584.8273124,2715090244.8347054
44,10557776321.715157,992752709.7542,136455701.80022237,315481432.53098327,51552033.024932735,4001102161.57345,6816245113.94616,422665111.0100017,2715090244.8347054
45,10557776321.715157,992752709.7542,118091899.58255357,301144214.78703713,14938184.517233796,5281851197.640394,5461493432.408818,419085905.7269648,2715090244.8347054
46,10557776321.715157,992752709.7542,118091899.58255357,296838211.0613213,14938184.517233796,2778908829.313049,8902595747.971941,414752887.4894996,2715090244.8347054
47,10557776321.715157,992752709.7542,73639536.5324412,293693512.0796952,14938184.517233796,4294661707.4029503,9348335754.35158,411302271.0757745,2627648420.543349
48,10557776321.715157,992752709.7542,73639536.5324412,292568943.605726,14938184.517233796,3806538385.4302654,7729335574.380034,408525957.27377766,2195699191.422149
49,10557776321.715157,992752709.7542,73639536.5324412,288562732.0435742,14938184.517233796,4028109818.7529216,4663713730.046508,402869595.25990295,2195699191.4221487
50,10557776321.715157,992752709.7542,65322531.72405021,264971778.72204295,14938184.517233796,3530404990.292465,5914791697.114049,400775988.7311445,2195699191.4221487
51,10557776321.715157,992752709.7542,65322531.72405021,257478963.71777543,14938184.517233796,2590697339.0606623,4875491002.654801,396660467.080641,1784579259.6386716
52,10557776321.715157,992752709.7542,65322531.72405021,248557653.14216855,14938184.517233796,1521858703.9930809,3677559775.3098736,390958685.40493006,1632820796.691234
53,10557776321.715157,992752709.7542,65322531.72405021,236606369.55765748,14878103.330752516,1669384788.8760362,2974690792.321703,388198973.9735925,1632820796.691234
54,10557776321.715157,992752709.7542,65322531.72405021,233014152.50635463,12101465.993836008,1866941214.0970435,4584869034.639715,384159405.41512287,1632820796.691234
55,10557776321.715157,992752709.7542,46461326.76757768,212670795.32546,8740342.15905288,2256548042.2411137,4370724435.509709,381225799.5719256,1630989310.9347465
56,10557776321.715157,992752709.7542,46461326.76757768,207552206.80672345,8740342.15905288,3426683830.98311,3846648010.373364,378483655.3094611,1630989310.9347465
57,10557776321.715157,992752709.7542,46138376.66366861,204082564.78947324,6816539.270015138,2687251267.796041,4503347150.237546,375179086.9093833,1630989310.9347465
58,10026057049.695398,992752709.7542,46138376.66366861,192165221.36896637,6816539.270015138,1691202810.9268909,6484579124.2963085,375093861.79836273,1630989310.9347465
59,10026057049.695398,992752709.7542,27874215.255337168,189709680.64442667,6816539.270015138,1618357943.853445,6993211544.44697,369056275.9968469,1479102842.2669096
60,10026057049.695398,992752709.7542,27874215.255337168,188089704.44386905,6816539.270015138,2508530444.660729,3292967221.1943336,367018373.895248,1479102842.2669096
61,10026057049.695398,992752709.7542,27874215.255337168,186571243.53082427,6816539.270015138,3323591401.685234,4342254647.005713,364007332.02822727,1421747827.5565898
62,10026057049.695398,992752709.7542,22516262.377287567,184403138.2199434,6816539.270015138,2845390004.169862,5033410240.844659,359980945.30012155,1421747827.5565898
63,10026057049.695398,992752709.7542,22516262.377287567,184288797.2750305,6816539.270015138,4106309725.697339,3824198884.571636,358679102.97956854,1421747827.5565898
64,10026057049.695398,992752709.7542,22516262.377287567,182464257.64322275,6816539.270015138,4166429939.068847,3629700906.836272,356972745.9942309,1421747827.5565898
65,10026057049.695398,992752709.7542,22516262.377287567,181587463.72134387,6816539.270015138,2156844002.3767223,3667578568.278578,353708321.6391525,1386056270.5126734
66,10026057049.695398,992752709.7542,22516262.377287567,181041356.72257063,6816539.270015138,3209362571.4068995,3014899848.1461706,351645200.91115624,1284694891.7605598
67,10026057049.695398,985144963.826813,22516262.377287567,180366812.60838032,4202106.053693818,3119264057.503937,4814871132.737256,350828574.08572346,1284694891.7605598
68,10026057049.695398,985144963.826813,22516262.377287567,180015774.41150612,4202106.053693818,2412209272.045554,3759578533.796568,349047170.7389498,466332083.955017
69,10026057049.695398,985144963.826813,22516262.377287567,179492570.72115758,4202106.053693818,2684331177.832411,2035978761.785133,343821284.1301882,466332083.955017
70,10026057049.695398,985144963.826813,22516262.377287567,179370028.15989172,4202106.053693818,2797157335.743555,1658857410.0960512,343141095.90376705,417615486.9882267
71,10026057049.695398,985144963.826813,22516262.377287567,178321137.64088425,3654552.396144924,2033712884.5550685,3084039658.133802,338924172.5944904,417615486.9882267
72,10026057049.695398,985144963.826813,22516262.377287567,177872181.70294958,3654552.396144924,2550612155.8584514,2078552191.7343764,336652468.5101848,417615486.9882267
73,10026057049.695398,985144963.826813,22516262.377287567,176073219.60629714,2794126.561605697,2062253464.5846407,2019286004.9864469,335457650.60025704,417615486.9882267
74,10026057049.695398,985144963.826813,22516262.377287567,174830266.36250946,2794126.561605697,3017055046.7449512,1936433637.1102507,332403965.9920434,417615486.9882267
75,10026057049.695398,985144963.826813,22516262.377287567,173783049.47962555,2794126.561605697,3114921561.0111265,2162116097.1585703,330224645.09255207,417615486.9882267
76,10026057049.695398,985144963.826813,22516262.377287567,170058152.25689074,2794126.561605697,2087357176.080281,2263296508.571204,324954555.6814779,417615486.9882267
77,10026057049.695398,985144963.826813,22516262.377287567,169079922.01376334,2794126.561605697,1967200030.9407792,2230753931.0207467,322803454.0684593,417615486.9882267
78,10026057049.695398,899256471.1615201,22516262.377287567,167998460.84714893,2187798.7581163584,2241711734.077765,1477591696.540732,320037371.6149755,417615486.9882267
79,10026057049.695398,899256471.1615201,19026238.163212363,167154993.61390713,2187798.7581163584,1862167362.9800336,1044010350.6915672,313918189.9305641,417615486.9882267
80,10026057049.695398,899256471.1615201,19026238.163212363,164797434.048997,2187798.7581163584,2167055825.520466,1030761297.3562392,312250589.1378682,417615486.9882267
81,10026057049.695398,899256471.1615201,19026238.163212363,164715329.4842237,2187798.7581163584,2311427514.729705,1827284604.501568,310252435.0733325,417615486.9882267
82,10026057049.695398,899256471.1615201,6702246.894857592,163801496.74641988,1083038.7540704908,2556178374.9348364,1607553263.1745803,309516412.9840502,417615486.9882267
83,10026057049.695398,899256471.1615201,6702246.894857592,161627276.84930006,1083038.7540704908,2560064933.637975,2321295301.061556,308125231.948826,151490737.46543115
84,10026057049.695398,872613885.3868799,6702246.894857592,159057859.46777922,1083038.7540704908,2439550247.0691605,2013389075.221145,302954688.05372864,151490737.46543115
85,10026057049.695398,872613885.3868799,6702246.894857592,155670470.0607929,1083038.7540704908,2159401313.5797324,2646575093.992387,295479190.8579634,151490737.4654311
86,10026057049.695398,872613885.3868799,6702246.894857592,150198739.06249365,1083038.7540704908,1800993991.1016035,1835785583.8668923,290061566.4095826,144644391.8534908
87,10026057049.695398,872613885.3868799,6702246.894857592,134081968.67122,1083038.7540704908,1900786123.40426,1606693711.641292,289123014.06527627,144644391.8534908
88,10026057049.695398,872613885.3868799,6702246.894857592,115634858.86358248,1083038.7540704908,1095061837.4304285,2699276667.5471425,280568172.3621186,137796808.01983097
89,10026057049.695398,872613885.3868799,6702246.894857592,99720111.23892356,1083038.7540704908,926680029.8225127,1743006892.4186375,277818613.2134887,137796808.01983097
90,10026057049.695398,872613885.3868799,6702246.894857592,74127518.95245759,1083038.7540704908,579428042.437778,1110492156.680569,276829168.85139626,137796808.01983097
91,10026057049.695398,872613885.3868799,6702246.894857592,65308262.878028594,1083038.7540704908,1108074616.6767602,1692885108.0315049,271526729.8637373,137796808.01983097
92,10026057049.695398,872613885.3868799,6702246.894857592,62534862.79518768,1083038.7540704908,1552283051.272013,1172587819.7011871,269355320.07651854,137796808.01983097
93,10026057049.695398,872613885.3868799,6702246.894857592,56574256.16342452,1083038.7540704908,1176920891.3220978,1768692739.1035736,264390073.2690039,137796808.01983097
94,10026057049.695398,872613885.3868799,6702246.894857592,54334757.61960361,456292.2670323011,1418517675.6817515,2026499538.7547512,262920221.93213356,137796808.01983097
95,10026057049.695398,872613885.3868799,6702246.894857592,48658343.62902801,456292.2670323011,976480431.7502452,1837249206.7988472,258648154.97897372,137796808.01983097
96,10026057049.695398,872613885.3868799,6702246.894857592,46649279.212931134,456292.2670323011,983601280.4538648,1309379373.099102,256077912.3647537,137796808.01983097
97,10026057049.695398,872613885.3868799,6702246.894857592,44117849.8155528,456292.2670323011,530853257.58649385,1361259727.1540437,253605318.22414684,137796808.01983097
98,10026057049.695398,872613885.3868799,6702246.894857592,38849068.77711785,456292.2670323011,1539116889.240798,1117599153.7707014,251763439.26384136,137796808.01983097
99,10026057049.695398,671974678.555549,6702246.894857592,36842064.45033988,456292.2670323011,547422613.5102586,1665910924.1754456,250415959.6924468,137796808.01983097
100,10026057049.695398,671974678.555549,6702246.894857592,33166107.473387077,456292.2670323011,904183502.074988,1154767765.8697877,248649766.8788038,137796808.01983097
101,10026057049.695398,671974678.555549,6702246.894857592,32929217.780584898,456292.2670323011,728173625.9131386,913759915.6085464,244712678.10890436,137796808.01983097
102,10026057049.695398,671974678.555549,6702246.894857592,32727834.140986502,456292.2670323011,601735463.2748721,1058942962.4204968,241696185.24582064,37381925.31178755
103,10026057049.695398,671974678.555549,6702246.894857592,32621286.020296976,456292.2670323011,334363370.83454335,901150994.5425886,238457364.1215209,37381925.31178755
104,10026057049.695398,671974678.555549,6702246.894857592,32585314.540912077,456292.2670323011,700043166.4122016,619924753.4915847,235652259.96596363,37381925.31178755
105,10026057049.695398,671974678.555549,6702246.894857592,32556663.97896546,456292.2670323011,345553483.73240334,707287346.585616,228712193.7842801,37381925.31178755
106,10026057049.695398,671974678.555549,6702246.894857592,32489426.911174927,456292.2670323011,544476402.2298893,471301460.0073817,228384737.48848525,37381925.31178755
107,10026057049.695398,671974678.555549,6702246.894857592,32485003.83938698,238273.0607013472,579521658.476179,1658624537.7126143,227142338.5480873,37381925.31178755
108,10026057049.695398,671974678.555549,6702246.894857592,32484987.11377196,238273.0607013472,187212649.63854203,1511445461.3918202,225025394.14849505,37381925.31178755
109,10026057049.695398,668428914.5041877,6702246.894857592,32483188.93813802,238273.0607013472,368087119.1095676,1521522551.4469335,221338649.99636087,37381925.31178755
110,10026057049.695398,668428914.5041877,6702246.894857592,32482824.47180193,238273.0607013472,520193924.1913509,919308227.83256,218431227.20879152,37381925.31178755
111,10026057049.695398,668428914.5041877,6702246.894857592,32482445.216442283,238273.0607013472,506516106.8231937,2468880987.7652435,216293701.85644788,37381925.31178755
112,9933306384.144545,668428914.5041877,6702246.894857592,32480686.26627767,207206.26940436213,1217695050.9226422,1599351637.7188966,212999557.7662049,37381925.31178755
113,9933306384.144545,668428914.5041877,6702246.894857592,32478142.454072177,207206.26940436213,1037067597.5371188,1621336792.967816,204930608.5495585,37381925.31178755
114,9933306384.144545,668428914.5041877,6702246.894857592,32476253.43910686,207206.26940436213,517000615.8152544,1892708486.8009408,204221952.4835809,37381925.31178755
115,9933306384.144545,668428914.5041877,6702246.894857592,32473390.166441977,207206.26940436213,488875854.5381024,1062064853.5838982,202665273.94557247,37381925.31178755
116,9933306384.144545,668428914.5041877,6702246.894857592,32465841.546877023,207206.26940436213,517171217.11795306,1063291970.7719544,200671383.23566303,37381925.31178755
117,9933306384.144545,668428914.5041877,6702246.894857592,32459558.03461982,207206.26940436213,523532134.5560738,969103374.9404014,198977464.1723836,37381925.31178755
118,9933306384.144545,668428914.5041877,6702246.894857592,32453321.10619118,207206.26940436213,514450989.4057999,1184024620.3229444,197698028.66159493,37381925.31178755
119,9933306384.144545,668428914.5041877,6702246.894857592,32450686.54316106,207206.26940436213,301666734.8151144,563188545.8255827,195869149.18690965,37381925.31178755
120,9933306384.144545,668428914.5041877,4290300.575813038,32442135.69521204,150256.5108047762,403426885.44633055,537337010.3240427,193784035.24727663,37381925.31178755
121,9933306384.144545,668428914.5041877,4290300.575813038,32441794.84777656,150256.5108047762,609467938.8641433,988183592.1082404,192262961.86603537,37381925.31178755
122,9933306384.144545,668428914.5041877,4290300.575813038,32439489.762401387,150256.5108047762,575845747.5405002,902904470.295484,190270416.8047105,37381925.31178755
123,9933306384.144545,668428914.5041877,4290300.575813038,32436072.43105509,150256.5108047762,482358487.3271004,447536864.9115703,189262204.8638125,37381925.31178755
124,9933306384.144545,668428914.5041877,4290300.575813038,32427860.989721645,150256.5108047762,388608770.61046505,269805395.32535994,187697207.74113324,37381925.31178755
125,9933306384.144545,668428914.5041877,4290300.575813038,32417980.722293448,111719.68182990992,362437418.8298755,539147026.7079685,186491442.40805572,37381925.31178755
126,9933306384.144545,668428914.5041877,4290300.575813038,32408809.074727084,111719.68182990992,425064170.7738468,366408693.8724787,186227938.7189609,37381925.31178755
127,9933306384.144545,668428914.5041877,4102862.214664156,32400557.70177317,111719.68182990992,310768307.3210801,409148693.0397266,183952970.4736105,37381925.31178755
128,9933306384.144545,668428914.5041877,4102862.214664156,32388565.268995736,111719.68182990992,203689858.74981865,274011585.5171727,181918242.9194657,37381925.31178755
129,9933306384.144545,668428914.5041877,3806257.732909124,32313854.991239205,111719.68182990992,192527288.14210305,272878182.4025361,180684234.92900735,37381925.31178755
130,9933306384.144545,668428914.5041877,3806257.732909124,32229883.950251,111719.68182990992,187572481.0895481,242198469.5222644,179439239.5264386,36271559.485953
131,9933306384.144545,668428914.5041877,3667246.778832277,32045638.62653858,80816.89699289078,183197313.70804152,136268464.06490636,175857357.719574,34101202.963771574
132,9933306384.144545,668428914.5041877,3667246.778832277,31996657.41649336,80816.89699289078,122469923.51876344,215718732.1230007,173824318.23522192,34101202.963771574
133,9933306384.144545,668428914.5041877,3667246.778832277,31821505.478386752,80816.89699289078,258733656.83930197,158296126.01414064,172704701.59105772,34101202.963771574
134,9933306384.144545,291313953.2172862,2208606.6354420413,31689168.31979395,80816.89699289078,390708966.49627954,847076255.8284633,169307112.1069117,34101202.963771574
135,9933306384.144545,291313953.2172862,2208606.6354420413,31642712.401304506,80816.89699289078,245165476.05675203,1066661835.2903144,169146575.26185602,34101202.963771574
136,9933306384.144545,291313953.2172862,2208606.6354420413,31527556.79002348,69020.27075129676,141615287.0681136,1143006634.0437846,167238994.320291,34101202.963771574
137,9933306384.144545,291313953.2172862,2208606.6354420413,31329001.269399613,69020.27075129676,181582048.6054442,921568720.540586,167216587.391713,34101202.963771574
138,9933306384.144545,291313953.2172862,2208606.6354420413,31234576.001185365,69020.27075129676,122954625.97618496,779588204.8502597,166477142.25895375,34101202.963771574
139,9933306384.144545,291313953.2172862,2208606.6354420413,31168972.71400043,69020.27075129676,82718592.60837992,841375434.8176293,165858164.2534412,34101202.963771574
140,9933306384.144545,291313953.2172862,2208606.6354420413,31054339.00765312,69020.27075129676,86990729.35078357,580724499.1459584,164694030.80381066,34101202.963771574
141,9933306384.144545,291313953.2172862,2208606.6354420413,30991998.28503184,69020.27075129676,128675928.2086886,312436069.81260747,163922214.92722866,34101202.963771574
142,9933306384.144545,291313953.2172862,2208606.6354420413,30953415.522769667,69020.27075129676,129263429.71256858,327102341.1531699,163289844.4802624,34101202.963771574
143,9933306384.144545,291313953.2172862,2208606.6354420413,30940584.70846005,52676.64494316819,67469998.65941429,370975095.99740434,163066345.2595388,34101202.963771574
144,9933306384.144545,291313953.2172862,2038480.6657610885,30924138.88942224,52676.64494316819,76750987.14463057,389048872.83019257,162814109.95517498,34101202.963771574
145,9933306384.144545,291313953.2172862,2038480.6657610885,30910251.61928896,52676.64494316819,226404745.8757399,254229966.9937312,161831377.1965127,34101202.963771574
146,9933306384.144545,291313953.2172862,2038480.6657610885,30876899.118849013,52676.64494316819,192476205.82580164,281173514.3306011,161083891.23219657,34101202.963771574
147,9933306384.144545,291313953.2172862,2038480.6657610885,30868041.31132679,52676.64494316819,113677387.29133894,849155121.1181294,160665446.6434421,34101202.963771574
148,9933306384.144545,291313953.2172862,2038480.6657610885,30804586.113208465,42395.72251820667,112942066.31014924,402748610.1763289,160265391.51305902,34101202.963771574
149,9933306384.144545,291313953.2172862,2038480.6657610885,30798571.940948848,40817.81381908604,125700327.4099304,304836050.68188256,159950518.31975573,34101202.963771574
150,9933306384.144545,291313953.2172862,2038480.6657610885,30775986.35201696,40817.81381908604,134494372.76195964,333151422.2053374,157044796.50874078,34101202.963771574
151,9933306384.144545,291313953.2172862,2038480.6657610885,30750299.19257028,40817.81381908604,147415104.013794,245817063.48157048,155707387.73781684,34101202.963771574
152,9933306384.144545,291313953.2172862,2038480.6657610885,30724845.109286163,40817.81381908604,172512596.46398872,520710019.753121,154674173.37635398,34101202.963771574
153,9933306384.144545,291313953.2172862,2038480.6657610885,30721269.51582637,35771.25071571216,242931745.14839828,653335760.6743333,154320517.87290215,34101202.963771574
154,9933306384.144545,291313953.2172862,2038480.6657610885,30712489.045111123,35771.25071571216,94508349.29852934,440157875.5109376,152475900.71922612,34101202.963771574
155,9933306384.144545,291313953.2172862,2038480.6657610885,30711028.78341119,20305.87297464285,103709839.50423358,168221094.87665856,152342042.28816605,29523272.935794525
156,9933306384.144545,291313953.2172862,2038480.6657610885,30710232.684151616,20305.87297464285,67694078.10349354,207435926.34296772,151847853.06519952,24295316.756706502
157,9933306384.144545,291313953.2172862,2038480.6657610885,30701445.09998531,20305.87297464285,64648602.84431639,173255358.18273708,150719984.35539997,24295316.756706502
158,9933306384.144545,291313953.2172862,2038480.6657610885,30694459.192029223,20305.87297464285,78154481.97753876,286346162.5613686,149731195.48329723,24295316.756706502
159,9933306384.144545,291313953.2172862,2038480.6657610885,30686185.8042755,20305.87297464285,82728648.66600636,136237834.50905153,149581250.17828372,24295316.756706502
160,9933306384.144545,291313953.2172862,2038480.6657610885,30673618.73468773,20305.87297464285,13594844.913328286,57167222.68133771,149397812.18740547,24295316.756706502
161,9933306384.144545,291313953.2172862,2038480.6657610885,30660215.81605739,20305.87297464285,21922019.017756816,239551055.82864887,148839003.26325646,24295316.756706502
162,9933306384.144545,291313953.2172862,2038480.6657610885,30654784.70852196,20305.87297464285,25019147.748677637,233442011.8797994,148201093.17564315,24295316.756706502
163,9933306384.144545,291313953.2172862,2038480.6657610885,30648623.86770649,20305.87297464285,44801156.06354484,328049508.5058848,148010617.7288294,24127214.57076977
164,9933306384.144545,291313953.2172862,2038480.6657610885,30639821.084097948,20305.87297464285,33364664.02646096,428411020.9952363,147481669.16815487,24127214.57076977
165,9933306384.144545,291313953.2172862,2038480.6657610885,30627094.537538845,12559.548352069676,23075876.86903632,460224841.8380552,147209006.29503214,24127214.57076977
166,9933306384.144545,291313953.2172862,2038480.6657610885,30606893.128994785,12559.548352069676,36146593.40474526,528637630.68351054,147003119.11825532,24127214.57076977
167,9933306384.144545,291313953.2172862,2038480.6657610885,30597797.6739858,12559.548352069676,20011239.63646681,338121207.31927794,146381014.2602822,24127214.57076977
168,9933306384.144545,291313953.2172862,2038480.6657610885,30593385.685137905,12559.548352069676,22992562.219464462,665934664.3083159,146009754.50593874,24127214.57076977
169,9933306384.144545,291313953.2172862,2038480.6657610885,30589880.08409153,12559.548352069676,36482766.17313101,368461949.8859396,145729495.4060122,24127214.57076977
170,9933306384.144545,291313953.2172862,2038480.6657610885,30588542.471378382,12559.548352069676,90758454.27543022,361919140.9952384,145560100.37129956,19985382.44705077
171,9933306384.144545,291313953.2172862,2038480.6657610885,30579276.381917067,12559.548352069676,93586816.03584015,325381580.47099704,145307058.24425256,19985382.44705077
172,9933306384.144545,291313953.2172862,1678166.6846719687,30577705.327294607,12559.548352069676,68685259.80368316,255924003.6830689,145260700.2289456,19985382.44705077
173,9933306384.144545,291313953.2172862,1678166.6846719687,30575046.892243568,12559.548352069676,45600495.201625004,9799575634.242352,144275535.44247237,16979817.241573025
174,9933306384.144545,291313953.2172862,1678166.6846719687,30574579.234883253,12559.548352069676,82419110.8905636,7034929907.383807,144029342.67999342,13744898.848691223
175,9933306384.144545,291313953.2172862,1678166.6846719687,30561933.983662374,12559.548352069676,86693482.38017756,2533254238.456473,143603867.38869917,11856212.652208151
176,9933306384.144545,291313953.2172862,1678166.6846719687,30561377.2009475,12559.548352069676,66145096.59544639,1405203718.5353963,143321524.83378005,11856212.652208151
177,9933306384.144545,291313953.2172862,1678166.6846719687,30560494.28835011,12559.548352069676,31945610.716782257,955042348.8586698,143256545.65946293,10993782.522913467
178,9933306384.144545,291313953.2172862,1678166.6846719687,30556462.104319084,12559.548352069676,43251460.86312468,660443520.1492782,143226665.56619796,10993782.522913467
179,9933306384.144545,291313953.2172862,1678166.6846719687,30555706.534972955,12559.548352069676,57672803.74130525,489085186.1874439,142826574.1970668,9434340.115622371
180,9933306384.144545,291313953.2172862,1678166.6846719687,30550284.32039812,12559.548352069676,36425037.19896754,247910635.80182183,142265534.54431087,8875821.932130154
181,9933306384.144545,291313953.2172862,1169254.3393980148,30547043.643194977,12559.548352069676,39427338.69247619,187053129.67388067,141641868.22370613,8875821.932130154
182,9933306384.144545,291313953.2172862,1169254.3393980148,30546200.66066282,10007.916588697635,27523394.921462703,121166220.78148656,138437364.88187504,8875821.932130154
183,9933306384.144545,291313953.2172862,1169254.3393980148,30544983.616343927,10007.916588697635,32342810.946548387,77890543.92637594,138437364.88187504,8875821.932130154
184,9933306384.144545,291313953.2172862,1169254.3393980148,30543525.479147475,7054.183538481605,16829879.718079302,60868507.55099927,138110016.67332333,8875821.932130154
185,9933306384.144545,291313953.2172862,1169254.3393980148,30540806.22635671,7054.183538481605,23801692.015112348,89785529.4799622,137408218.68330774,7951863.721345922
186,9933306384.144545,291313953.2172862,1169254.3393980148,30538133.29994504,7054.183538481605,12721272.190808063,103273037.38330732,136176667.20602903,7951863.721345922
187,9933306384.144545,291313953.2172862,1169254.3393980148,30531614.28582573,7054.183538481605,16193878.841631522,128171418.85665582,135599883.20823988,6925487.840634477
188,9933306384.144545,291313953.2172862,1169254.3393980148,30526461.270892423,7054.183538481605,21193453.919734277,32369937.24441429,134907100.97008368,6925487.840634477
189,9933306384.144545,291313953.2172862,1169254.3393980148,30516808.469400693,7054.183538481605,19753562.282386485,142442228.46561512,134379450.3948851,6925487.840634477
190,9933306384.144545,291313953.2172862,1169254.3393980148,30492908.720051277,7054.183538481605,43244074.05060755,126841726.56281865,133372665.08526234,6925487.840634477
191,9933306384.144545,291313953.2172862,1169254.3393980148,30477902.76513924,7054.183538481605,29390284.99080784,135163352.0681102,133161343.773042,6294464.107466998
192,9933306384.144545,291313953.2172862,1169254.3393980148,30417619.731325,6233.242701610583,21902822.3419528,152430056.26731884,132760701.77381822,6294464.107466998
193,9933306384.144545,291313953.2172862,1169254.3393980148,30327642.81437057,6233.242701610583,22337661.879704557,82422919.69988206,132694907.66490512,6125606.489079989
194,9933306384.144545,291313953.2172862,1169254.3393980148,30183241.56421931,4181.2655472061,19786325.316839773,128745306.03111954,132434434.34712704,6125606.489079989
195,9933306384.144545,291313953.2172862,1169254.3393980148,30027500.63411627,4181.2655472061,11675683.38793291,207856242.5477721,131913152.7397019,6125606.489079989
196,9933306384.144545,291313953.2172862,1169254.3393980148,29703251.833322607,4181.2655472061,10368312.500212142,169149880.1892174,131576448.81307437,6125606.489079989
197,9933306384.144545,291313953.2172862,1169254.3393980148,29569944.245009623,4181.2655472061,13739425.353937002,226404531.72448888,130688255.56423056,2626785.9245485347
198,9933306384.144545,291313953.2172862,1169254.3393980148,29497952.63251606,4181.2655472061,22823350.437121566,210331596.1803446,130340538.9469971,2626785.9245485347
199,9933306384.144545,291313953.2172862,883935.4020239642,29471036.32113576,3691.2507854814025,26693055.89211084,14530271855.9264,130053640.07195435,2616352.652106513
200,9933306384.144545,291313953.2172862,883935.4020239642,29449534.89754773,3053.822075868773,23964989.211960874,6208371278.653531,129800717.87712976,2483604.23268108
201,9933306384.144545,291313953.2172862,883935.4020239642,29437282.37025208,3053.822075868773,17128334.602194466,2916559396.477322,129588612.90389614,2392119.050761608
202,9933306384.144545,291313953.2172862,883935.4020239642,29434679.551729597,3053.822075868773,16245795.589921288,1977194263.2198155,129298563.6277437,2392119.050761608
203,9933306384.144545,291313953.2172862,883935.4020239642,29431634.11308868,3053.822075868773,31545606.661802106,1089477164.5264163,128814984.40483338,2392119.050761608
204,9933306384.144545,291313953.2172862,883935.4020239642,29419369.579944074,2574.0064873483484,54129356.659953855,484305908.3204404,124734488.67716454,2392119.050761608
205,9933306384.144545,291313953.2172862,883935.4020239642,29394543.96635905,2574.0064873483484,50516228.386993565,141439994.7443196,123241721.69641598,1563624.5219992911
206,9933306384.144545,291313953.2172862,883935.4020239642,29378247.54597572,2574.0064873483484,40029043.232495815,191082884.91383284,121259008.02133186,1563624.5219992911
207,9933306384.144545,291313953.2172862,883935.4020239642,29325256.46237073,2574.0064873483484,24701990.56747877,84327972.28760375,118526277.46204723,1422772.2630928357
208,9933306384.144545,291313953.2172862,883935.4020239642,29318454.29028468,1605.2574137235447,17852535.46937945,271312175.40310204,118006706.67591275,1422772.2630928357
209,9933306384.144545,291313953.2172862,883935.4020239642,29317659.323061053,1605.2574137235447,7668842.084719243,317659614.0238495,116012170.12583037,1398938.6960186083
210,9933306384.144545,291313953.2172862,883935.4020239642,29316934.376131963,1605.2574137235447,3539074.865243552,414830044.921776,113682233.74745718,952339.6573632752
211,9933306384.144545,291313953.2172862,466240.2935763089,29316272.254335724,1605.2574137235447,3989462.380437935,453600211.574644,112979901.07165056,952339.6573632752
212,9933306384.144545,291313953.2172862,466240.2935763089,29315930.21382428,1605.2574137235447,7893110.74047844,313544910.44774854,111579884.57959726,574629.6698006399
213,9933306384.144545,291313953.2172862,466240.2935763089,29315512.076592617,1605.2574137235447,9534183.750182344,354436881.2005462,110559729.72051144,490527.4821210196
214,9933306384.144545,291313953.2172862,466240.2935763089,29315207.688468933,1605.2574137235447,11768349.352578402,202559181.1542722,109731171.60678975,471598.2513997852
215,9933306384.144545,291313953.2172862,466240.2935763089,29314719.07561288,1605.2574137235447,8972381.542093929,123613751.33058628,108867520.6168866,410611.8629598646
216,9933306384.144545,291313953.2172862,466240.2935763089,29314518.528573528,1605.2574137235447,7897269.891404986,100006241.41750368,108316851.3361283,410611.8629598646
217,9933306384.144545,291313953.2172862,466240.2935763089,29314358.56918004,1605.2574137235447,6261783.47666597,84177669.76943891,107653184.9106407,410611.8629598646
218,9933306384.144545,291313953.2172862,466240.2935763089,29314142.56178461,1605.2574137235447,12844534.32357052,75660118.08440788,106265825.04035851,400244.2079867515
219,9933306384.144545,291313953.2172862,466240.2935763089,29313944.59777151,1605.2574137235447,15865574.540734485,65794217.29681768,105675347.90618,299877.3673430521
220,9933306384.144545,291313953.2172862,466240.2935763089,29313742.88823733,1605.2574137235447,16775826.14869561,82245588.40249676,104289404.91208096,299877.3673430521
221,9933306384.144545,291313953.2172862,466240.2935763089,29313478.34861026,1605.2574137235447,10144887.866720542,116077770.806044,103429166.51599728,268682.83419363416
222,9933306384.144545,291313953.2172862,466240.2935763089,29313187.544750877,1605.2574137235447,6126990.458631544,169764755.19443443,103048862.96501616,241184.988381285
223,9933306384.144545,291313953.2172862,466240.2935763089,29312824.15360582,1605.2574137235447,8703539.501026955,88541684.88587171,101834277.7227998,157922.73769991868
224,9933306384.144545,291313953.2172862,466240.2935763089,29312114.66336234,1605.2574137235447,10587748.27894614,37131626.46116499,100660669.42833003,149222.92847403185
225,9933306384.144545,291313953.2172862,466240.2935763089,29309904.065564677,1605.2574137235447,11260121.224349216,36233097.88542606,99047064.97247212,138975.40969554053
226,9933306384.144545,291313953.2172862,466240.2935763089,29308278.787261475,1605.2574137235447,12789115.272480035,65208213.99366546,98357625.02995194,109767.73012773613
227,9933306384.144545,291313953.2172862,466240.2935763089,29304668.11164741,1605.2574137235447,11606514.521314152,109700309.33896466,97087304.44179744,91488.08470912492
228,9933306384.144545,291313953.2172862,466240.2935763089,29298702.97782132,1605.2574137235447,8656120.535727859,69741087.51376978,94652942.74395436,91330.91649071308
229,9933306384.144545,291313953.2172862,466240.2935763089,29289851.06882553,1385.6420032489264,5900178.992055732,57190206.60850612,93337107.75654228,91330.91649071308
230,9933306384.144545,291313953.2172862,466240.2935763089,29282855.861297883,717.4121540386735,8303204.328470241,53228440.29150067,91508477.07651976,68345.37971732703
231,9933306384.144545,291313953.2172862,466240.2935763089,29267189.128463414,717.4121540386735,8257650.565855209,93746743.7344441,88284281.77461928,68345.37971732703
232,9933306384.144545,291313953.2172862,466240.2935763089,29261155.51791479,717.4121540386735,9153964.256639464,117542601.16831572,85740210.10882732,59170.34895874194
233,9933306384.144545,291313953.2172862,466240.2935763089,29247233.111106586,717.4121540386735,10302640.063833456,75676876.2909442,83314792.30433246,59170.34895874194
234,9933306384.144545,291313953.2172862,466240.2935763089,29228243.046647,460.9576179352487,9755702.261934731,79735036.46232666,81467525.19093949,59170.34895874194
235,9933306384.144545,291313953.2172862,466240.2935763089,29186224.78107488,460.9576179352487,7819641.687843989,142615050.99427265,79006667.36277246,47613.6194180755
236,9933306384.144545,291313953.2172862,466240.2935763089,29144150.211652983,460.9576179352487,8036098.894018295,48029139.10801141,76797418.29321852,47613.6194180755
237,9933306384.144545,291313953.2172862,466240.2935763089,29118440.40956737,460.9576179352487,10368163.844742676,35064087.11406363,73143322.98982777,47613.6194180755
238,9933306384.144545,291313953.2172862,466240.2935763089,29073741.98411984,460.9576179352487,8931167.488036856,29739396.639337078,71336917.2000723,46127.57094995154
239,9933306384.144545,291313953.2172862,466240.2935763089,29045046.16674908,460.9576179352487,8821912.041874092,91447887.34233862,65680735.05198903,45702.45129036652
240,9933306384.144545,291313953.2172862,466240.2935763089,28899416.12198095,448.4200148554218,7889269.654071416,162420794.71666905,60464749.34999908,44809.38241648163
241,9933306384.144545,291313953.2172862,466240.2935763089,28801088.005632557,448.4200148554218,7416535.653133261,137260815.294769,55208244.07941376,44809.38241648163
242,9933306384.144545,291313953.2172862,466240.2935763089,28753334.70449573,448.4200148554218,11109891.449680334,108794525.38488851,50777338.86347666,40369.441392512446
243,9933306384.144545,291313953.2172862,466240.2935763089,28714700.04711856,448.4200148554218,9248482.372333365,267350046.7875297,45944409.84402831,33573.90953734613
244,9933306384.144545,291313953.2172862,466240.2935763089,28675775.94096524,448.4200148554218,7365013.000276481,137046599.39626828,42820795.388791226,30084.625544678493
245,9933306384.144545,291313953.2172862,466240.2935763089,28631659.12981105,448.4200148554218,8089150.782632415,107130574.20510525,37845828.44406845,27162.502174741603
246,9933306384.144545,291313953.2172862,466240.2935763089,28592847.54925407,448.4200148554218,7329327.320686601,126114891.66440088,33997062.03902391,21986.649243063148
247,9933306384.144545,291313953.2172862,466240.2935763089,28558735.385511547,448.4200148554218,11710366.825979818,94055406.24598505,31978132.131013166,15374.65257488421
248,9933306384.144545,291313953.2172862,466240.2935763089,28552274.765688367,448.4200148554218,12026946.824705984,71649986.10866864,30455573.77038292,13766.263392575484
249,9933306384.144545,291313953.2172862,466240.2935763089,28545718.62700416,448.4200148554218,9115292.488111448,62101069.71188375,28292278.23182336,13766.263392575484
250,9933306384.144545,291313953.2172862,466240.2935763089,28539026.819189865,448.4200148554218,8861071.509553678,62963513.02595922,26556805.888620157,13766.263392575484
251,9933306384.144545,291313953.2172862,466240.2935763089,28536022.3788684,448.4200148554218,6206973.587611148,62424020.48117947,25639561.82264424,13766.263392575484
252,9933306384.144545,291313953.2172862,466240.2935763089,28531355.4632231,448.4200148554218,4994013.136110185,53162235.64827166,22542306.107066546,13766.263392575484
253,9933306384.144545,291313953.2172862,466240.2935763089,28523290.17179182,447.2011805591295,2551720.5198976696,48699239.7846539,21241206.19274232,13766.263392575484
254,9933306384.144545,291313953.2172862,466240.2935763089,28521084.10411237,447.2011805591295,2321348.451428996,29707923.79737477,20263101.049792223,13766.263392575484
255,9933306384.144545,291313953.2172862,466240.2935763089,28520167.291997675,447.2011805591295,2249975.570691796,28570942.720550388,18294752.0135354,13766.263392575484
256,9933306384.144545,291313953.2172862,466240.2935763089,28518784.527374677,447.2011805591295,2086415.343794142,28999084.93353094,16519520.273931272,13766.263392575484
257,9933306384.144545,291313953.2172862,466240.2935763089,28517605.86738327,447.2011805591295,1758222.2825535694,100308562.49619654,15440003.936237836,13766.263392575484
258,9933306384.144545,291313953.2172862,466240.2935763089,28516370.492318105,447.2011805591295,775015.6137678546,115254238.8699737,13454368.040520912,13766.263392575484
259,9933306384.144545,291313953.2172862,466240.2935763089,28513459.827188123,418.807485070468,671499.0084556532,145991965.85604572,11656288.54562232,13766.263392575484
260,9933306384.144545,291313953.2172862,466240.2935763089,28511489.83277147,380.4370855380966,1051839.3479129863,84506176.46865438,9331666.338905768,13766.263392575484
261,9933306384.144545,291313953.2172862,466240.2935763089,28509758.040367577,364.7554791405733,1198217.9374669392,90644700.69392452,8051419.415905255,13766.263392575484
262,9933306384.144545,291313953.2172862,466240.2935763089,28508899.370031923,288.61338800955343,1056751.7567602654,55481099.69884597,6925363.646125659,13766.263392575484
263,9933306384.144545,291313953.2172862,466240.2935763089,28507642.13561849,288.61338800955343,2849881.980388801,68614925.28248423,6736681.319563607,13766.263392575484
264,9933306384.144545,291313953.2172862,466240.2935763089,28507066.85423588,288.61338800955343,2412021.2561707334,37219107.59433529,6535998.920505613,13766.263392575484
265,9933306384.144545,291313953.2172862,466240.2935763089,28505603.13909333,287.0446238426283,926264.6792499518,31259003.917667475,5725546.329769211,13766.263392575484
266,9933306384.144545,291313953.2172862,466240.2935763089,28504601.499373358,221.9080700282175,714062.8440010414,32727549.99701825,5264951.352713272,13766.263392575484
267,9933306384.144545,291313953.2172862,466240.2935763089,28504131.03846808,221.9080700282175,1024692.4119810197,30428930.117247045,4746608.902417208,13766.263392575484
268,9933306384.144545,291313953.2172862,466240.2935763089,28503943.319380306,221.9080700282175,1343402.985183931,95874861.92744748,3973944.2661174526,13766.263392575484
269,9933306384.144545,291313953.2172862,466240.2935763089,28503265.73836244,221.9080700282175,1293687.7561845724,98481324.83116531,3387741.601021514,13766.263392575484
270,9933306384.144545,291313953.2172862,466240.2935763089,28503107.206954148,214.6646695414338,1375189.7182898163,100372474.79241188,3055765.2002137653,13766.263392575484
271,9933306384.144545,291313953.2172862,466240.2935763089,28503017.67505475,214.6646695414338,986330.1748692492,154614971.816856,2728047.154322615,13766.263392575484
272,9933306384.144545,291313953.2172862,309288.7675194389,28502855.113085397,214.6646695414338,1173710.959895045,150638401.00724253,2382951.8143134536,13766.263392575484
273,9933306384.144545,291313953.2172862,309288.7675194389,28502813.302889187,214.6646695414338,1284251.8231558318,183431805.723292,2232242.417655511,13766.263392575484
274,9933306384.144545,291313953.2172862,309288.7675194389,28502798.244335435,214.6646695414338,872952.7532502224,161903679.27381235,2092205.9995348707,13766.263392575484
275,9933306384.144545,291313953.2172862,309288.7675194389,28502760.605835546,214.6646695414338,1366388.6999394528,120304286.58950353,2028736.941106236,13766.263392575484
276,9933306384.144545,291313953.2172862,309288.7675194389,28502711.504180025,214.6646695414338,847872.8684779104,61767429.9285304,1849523.3549217056,13766.263392575484
277,9933306384.144545,291313953.2172862,309288.7675194389,28502628.157755516,214.6646695414338,841203.3497741291,30351902.489498865,1443312.91570173,13766.263392575484
278,9933306384.144545,291313953.2172862,309288.7675194389,28502276.973707777,214.6646695414338,1535005.331002704,9525370.200019555,1171941.745396139,13766.263392575484
279,9933306384.144545,291313953.2172862,309288.7675194389,28502258.521787085,214.6646695414338,2004172.2771743657,5713400.236343119,1059196.403164389,13766.263392575484
280,9933306384.144545,291313953.2172862,309288.7675194389,28502218.81778235,214.6646695414338,2142176.718434318,23694395.222443108,942089.4553371648,13766.263392575484
281,9933306384.144545,291313953.2172862,309288.7675194389,28502216.141505983,214.6646695414338,1436383.11798218,66340390.77248588,858418.4419266285,13766.263392575484
282,9933306384.144545,291313953.2172862,309288.7675194389,28502215.540639654,194.5911461968497,1226704.073066197,103553980.54088455,824350.8670372418,13766.263392575484
283,9933306384.144545,291313953.2172862,309288.7675194389,28502214.88716773,194.5911461968497,1793716.5801868967,54526525.786829926,714326.5094022121,13766.263392575484
284,9933306384.144545,291313953.2172862,309288.7675194389,28502213.69301455,194.5911461968497,1919094.7828515405,40200857.24028435,623754.1936021768,13766.263392575484
285,9933306384.144545,291313953.2172862,309288.7675194389,28502213.604115028,194.5911461968497,3671215.905188819,35210342.47951593,528121.4105110371,13766.263392575484
286,9933306384.144545,291313953.2172862,309288.7675194389,28502213.57375161,194.5911461968497,5965874.578413587,54879612.166098416,463199.800829929,13766.263392575484
287,9933306384.144545,291313953.2172862,309288.7675194389,28502213.569310483,194.5911461968497,5309165.469790837,90748538.38064715,406785.24372993177,13766.263392575484
288,9933306384.144545,291313953.2172862,309288.7675194389,28502213.56429956,170.0743287887358,3731715.9093695735,39844275.830175206,349421.23108939355,13766.263392575484
289,9933306384.144545,291313953.2172862,309288.7675194389,28502213.56154173,170.0743287887358,2342976.7233108883,29970132.046344824,308364.27244073653,13766.263392575484
290,9933306384.144545,291313953.2172862,309288.7675194389,28502213.555818643,170.0743287887358,2295017.3949828567,53559779.35037803,295774.0716868858,13766.263392575484
291,9933306384.144545,291313953.2172862,309288.7675194389,28502213.552419487,170.0743287887358,1784838.5043113406,53078250.42269604,256246.2666732577,13766.263392575484
292,9933306384.144545,291313953.2172862,309288.7675194389,28502213.55056229,163.6718480946912,1349974.4314746475,34618002.77914784,229453.2722258943,13766.263392575484
293,9933306384.144545,291313953.2172862,309288.7675194389,28502213.54616377,163.6718480946912,1124430.2391683678,45730355.40603517,173337.26250730886,13766.263392575484
294,9933306384.144545,291313953.2172862,309288.7675194389,28502213.54222246,153.36357111131642,1139646.9994499984,49490505.88190375,151524.72533957343,13766.263392575484
295,9933306384.144545,291313953.2172862,309288.7675194389,28502213.537099604,153.36357111131642,1014387.20187398,53037082.51494541,114643.67111971424,13766.263392575484
296,9933306384.144545,291313953.2172862,309288.7675194389,28502213.532632973,143.4703954507272,849150.9826737957,74298987.26833718,96785.8783785445,13766.263392575484
297,9933306384.144545,291313953.2172862,309288.7675194389,28502213.52791126,143.4703954507272,445881.0321576487,66140535.52672302,87950.46600553338,13766.263392575484
298,9933306384.144545,291313953.2172862,309288.7675194389,28502213.5254412,143.4703954507272,377264.1091791872,31032613.08326389,82393.59933811777,13766.263392575484
299,9933306384.144545,291313953.2172862,309288.7675194389,28502213.52399057,143.4703954507272,472258.4811116983,18068210.087146267,81104.98305661834,13766.263392575484
300,9933306384.144545,291313953.2172862,309288.7675194389,28502213.521854226,143.4703954507272,412324.676690868,36366114.98804633,73763.0985441059,13766.263392575484
301,9933306384.144545,291313953.2172862,309288.7675194389,28502213.519691017,143.4703954507272,195176.4998420048,22922328.29526868,70286.07814344423,13766.263392575484
302,9933306384.144545,291313953.2172862,309288.7675194389,28502213.51764413,143.4703954507272,184508.0665354246,22775424.30707313,67118.86859975487,13766.263392575484
303,9933306384.144545,291313953.2172862,309288.7675194389,28502213.514618568,143.4703954507272,264120.9330258953,24976950.870067663,66649.19456063546,13766.263392575484
304,9933306384.144545,291313953.2172862,309288.7675194389,28502213.513087288,120.716941875504,587309.9911659313,16366407.31648739,65211.36533802752,13766.263392575484
305,9933306384.144545,291313953.2172862,309288.7675194389,28502213.51137956,120.716941875504,305055.4158460928,16542298.009400738,64318.573034704015,13766.263392575484
306,9933306384.144545,291313953.2172862,309288.7675194389,28502213.51093145,120.716941875504,120388.44350780443,17300763.457980726,63876.30165125266,13766.263392575484
307,9933306384.144545,291313953.2172862,309288.7675194389,28502213.510573395,120.716941875504,299071.2561855789,32782688.012320288,62679.09093046123,13766.263392575484
308,9933306384.144545,291313953.2172862,309288.7675194389,28502213.51044844,120.716941875504,450518.4191893028,19580418.9235702,61418.92464461528,13766.263392575484
309,9933306384.144545,291313953.2172862,309288.7675194389,28502213.510316946,120.716941875504,433562.0168855138,16643473.147427011,60002.24202413591,13766.263392575484
310,9933306384.144545,291313953.2172862,309288.7675194389,28502213.51030601,119.73209013523169,645215.888826302,8425067.210138543,57887.68914837216,13766.263392575484
311,9933306384.144545,291313953.2172862,309288.7675194389,28502213.510198515,118.78848050542592,812657.2847726513,9053105.525045162,54502.548273178814,13766.263392575484
312,9933306384.144545,291313953.2172862,309288.7675194389,28502213.51019694,118.78848050542592,853114.5618978413,11484021.037461895,52637.45418542663,13766.263392575484
313,9933306384.144545,291313953.2172862,309288.7675194389,28502213.510193333,118.78848050542592,683446.1968928124,10268381.503537504,49403.64632756842,13766.263392575484
314,9933306384.144545,291313953.2172862,309288.7675194389,28502213.510155182,114.39866950252312,438250.9581224112,22343382.855640937,44370.25494031629,13766.263392575484
315,9933306384.144545,291313953.2172862,309288.7675194389,28502213.509988084,114.39866950252312,333885.9220666908,43857414.30186945,40893.49022341264,13766.263392575484
316,9933306384.144545,291313953.2172862,309288.7675194389,28502213.50955439,110.6220776547598,184660.1449477277,95000501.4803782,37277.106552066754,13766.263392575484
317,9933306384.144545,291313953.2172862,309288.7675194389,28502213.50939456,110.6220776547598,406961.0349570199,44326903.340665706,31056.06736743816,13766.263392575484
318,9933306384.144545,291313953.2172862,309288.7675194389,28502213.50936268,110.6220776547598,567375.3628861419,22834611.950620536,26989.460390539676,13766.263392575484
319,9933306384.144545,291313953.2172862,309288.7675194389,28502213.5091624,110.6220776547598,405648.3111651768,10540594.35889006,17709.97742165639,13766.263392575484
320,9933306384.144545,291313953.2172862,309288.7675194389,28502213.509137448,109.97930321070014,414660.52181120834,7878828571.555652,8222.829755097502,13766.263392575484
321,9933306384.144545,291313953.2172862,309288.7675194389,28502213.50875156,109.97930321070014,342499.8186838764,3623192790.505274,6930.847921013805,13766.263392575484
322,9933306384.144545,291313953.2172862,309288.7675194389,28502213.508663878,106.84583061306354,262391.9690787994,2334989809.711542,6587.123303125434,13766.263392575484
323,9933306384.144545,291313953.2172862,309288.7675194389,28502213.508619517,106.84583061306354,206003.97208418103,1308415200.7795503,6359.565171604408,13766.263392575484
324,9933306384.144545,291313953.2172862,309288.7675194389,28502213.508536827,106.84583061306354,168839.59245452538,970118585.9340544,6252.822952241923,13766.263392575484
325,9933306384.144545,291313953.2172862,309288.7675194389,28502213.50853213,105.59441833250392,165822.40520907164,557116013.8151436,6156.59177013993,13766.263392575484
326,9933306384.144545,291313953.2172862,309288.7675194389,28502213.50853006,105.59441833250392,194403.3651559152,383440815.0066463,6061.03218203361,13766.263392575484
327,9933306384.144545,291313953.2172862,309288.7675194389,28502213.50852496,105.59441833250392,382060.7670230992,235253508.3637463,6018.785036438008,13766.263392575484
328,9933306384.144545,291313953.2172862,309288.7675194389,28502213.508520693,105.59441833250392,85549.59468995307,137241534.83655468,6018.785036438008,13766.263392575484
329,9933306384.144545,291313953.2172862,309288.7675194389,28502213.50851821,104.63076426929916,150625.29821230256,87847087.19422922,6000.591076062905,13766.263392575484
330,9933306384.144545,291313953.2172862,309288.7675194389,28502213.508512422,104.63076426929916,146877.06808281763,60183657.57839691,5922.522586179121,13766.263392575484
331,9933306384.144545,291313953.2172862,309288.7675194389,28502213.50850848,104.63076426929916,190253.51023548323,54588484.608495854,5896.965502780087,13766.263392575484
332,9933306384.144545,291313953.2172862,309288.7675194389,28502213.5085075,104.63076426929916,133850.92250773712,38746747.07054726,5869.899329482872,13766.263392575484
333,9933306384.144545,291313953.2172862,309288.7675194389,28502213.508506123,104.45921638518736,116207.09346267738,27208142.92011773,5857.879166789569,13766.263392575484
334,9933306384.144545,291313953.2172862,309288.7675194389,28502213.5084983,103.75017491894836,111072.25266718182,22305551.918214176,5830.770603422037,13766.263392575484
335,9933306384.144545,291313953.2172862,309288.7675194389,28502213.50849501,103.07007555653684,93683.08961779096,41283604.212486856,5811.189708670485,13766.263392575484
336,9933306384.144545,291313953.2172862,309288.7675194389,28502213.5084936,103.07007555653684,77918.84316332657,30334704.47472312,5794.703176045933,13766.263392575484
337,9933306384.144545,291313953.2172862,309288.7675194389,28502213.50849237,103.07007555653684,65260.113576517,13271601.953023082,5761.586629059175,13766.263392575484
338,9933306384.144545,291313953.2172862,309288.7675194389,28502213.50849037,102.0881481491652,56164.66191635127,4439111.100392545,5734.243411902233,13766.263392575484
339,9933306384.144545,291313953.2172862,309288.7675194389,28502213.508489456,101.84321572019756,64948.42223495304,11705862.252003057,5697.344781294441,13766.263392575484
340,9933306384.144545,291313953.2172862,309288.7675194389,28502213.50848644,101.82974871665428,131837.17729797348,4818644.352023408,5671.129016274945,13766.263392575484
341,9933306384.144545,291313953.2172862,309288.7675194389,28502213.5084839,101.82974871665428,116027.53010074652,7213269.689703628,5647.93865097299,13766.263392575484
342,9933306384.144545,291313953.2172862,309288.7675194389,28502213.508483287,101.82974871665428,107097.82724885015,6644779.971506744,5642.61632936692,13766.263392575484
343,9933306384.144545,291313953.2172862,309288.7675194389,28502213.508482903,101.82974871665428,109028.288295222,12641475.611452185,5629.736430144118,13766.263392575484
344,9933306384.144545,291313953.2172862,309288.7675194389,28502213.50848237,101.82974871665428,86488.29265550913,17202465.961480416,5619.666317712104,13766.263392575484
345,9933306384.144545,291313953.2172862,309288.7675194389,28502213.50848171,101.47417517177476,80742.11443945579,11435115.951145897,5612.154731094352,13766.263392575484
346,9933306384.144545,291313953.2172862,309288.7675194389,28502213.508470293,101.47417517177476,139893.15980817354,7990931.103273683,5605.335733060063,13766.263392575484
347,9933306384.144545,291313953.2172862,309288.7675194389,28502213.50846872,101.47417517177476,180442.73021067385,7384674.546597017,5605.071181693924,13766.263392575484
348,9933306384.144545,291313953.2172862,309288.7675194389,28502213.50846752,101.43336203484412,140326.43661791083,5079860.236439513,5602.984724379925,13766.263392575484
349,9933306384.144545,291313953.2172862,309288.7675194389,28502213.5084552,101.23492167454717,98850.02509622826,3623336.774262918,5601.274139167409,13766.263392575484
350,9933306384.144545,291313953.2172862,309288.7675194389,28502213.508454666,101.09339047056558,86183.78177667636,3153789.578171532,5599.798286818314,13766.263392575484
351,9933306384.144545,291313953.2172862,309288.7675194389,28502213.50845221,100.9543363113456,70100.50966714026,1593424.3765446772,5597.607500980457,13766.263392575484
352,9933306384.144545,291313953.2172862,309288.7675194389,28502213.508449133,100.89923580722152,64587.63651706422,1973065.0679526404,5595.997428698495,13766.263392575484
353,9933306384.144545,291313953.2172862,309288.7675194389,28502213.50844361,100.89923580722152,81876.98748455704,362635.71529932105,5593.309577276867,13766.263392575484
354,9933306384.144545,291313953.2172862,309288.7675194389,28502213.50844028,100.3521418814474,79617.00114192336,1495413.1749073144,5588.685945684561,13766.263392575484
355,9933306384.144545,291313953.2172862,309288.7675194389,28502213.50843786,100.3521418814474,78337.60338787959,5170448.931835069,5583.410082482263,13766.263392575484
356,9933306384.144545,291313953.2172862,309288.7675194389,28502213.50843557,100.3521418814474,136845.78850399618,15614609.88872779,5576.3582473718125,13766.263392575484
357,9933306384.144545,291313953.2172862,309288.7675194389,28502213.508434728,100.3521418814474,117279.69804351772,14390904.211030604,5564.340120716,13766.263392575484
358,9933306384.144545,291313953.2172862,309288.7675194389,28502213.50843438,100.3521418814474,53305.853302873176,15726903.844454858,5543.30435528812,13766.263392575484
359,9933306384.144545,291313953.2172862,309288.7675194389,28502213.508433618,100.3521418814474,80796.6806426505,24878927.62391979,5515.145902045928,13766.263392575484
360,9933306384.144545,291313953.2172862,309288.7675194389,28502213.508432373,100.3521418814474,131397.2547631299,17743877.985990334,5482.011398102252,13766.263392575484
361,9933306384.144545,291313953.2172862,309288.7675194389,28502213.508431826,100.3521418814474,87025.20533302343,1747406568.8226025,5416.923722360757,13766.263392575484
362,9933306384.144545,291313953.2172862,309288.7675194389,28502213.508431077,100.3521418814474,46537.61661840676,1349701416.7233036,5352.114893039286,13766.263392575484
363,9933306384.144545,291313953.2172862,309288.7675194389,28502213.508430906,100.3521418814474,26482.17808984401,829540915.535761,5255.088601636699,13766.263392575484
364,9933306384.144545,291313953.2172862,309288.7675194389,28502213.508430816,100.3521418814474,28044.334399402505,566445986.4477508,5128.114875196142,13766.263392575484
365,9933306384.144545,291313953.2172862,309288.7675194389,28502213.508430533,100.32487864442642,41238.6381927459,292293814.9386689,5032.552279390106,13766.263392575484
366,9933306384.144545,291313953.2172862,309288.7675194389,28502213.508430216,100.32487864442642,42027.66340303992,232766782.0789854,5008.117204742902,13766.263392575484
367,9933306384.144545,291313953.2172862,309288.7675194389,28502213.508429725,100.32487864442642,46333.09691973503,134573692.04360804,4979.688979711752,13766.263392575484
368,9933306384.144545,291313953.2172862,309288.7675194389,28502213.50842957,100.27861802982602,21073.197325694106,86962278.3468505,4950.463414456914,13766.263392575484
369,9933306384.144545,291313953.2172862,309288.7675194389,28502213.508429464,100.27626685154902,16830.49285755203,57939542.50461002,4931.872891562383,13766.263392575484
370,9933306384.144545,291313953.2172862,309288.7675194389,28502213.508429065,100.27626685154902,16865.688997448564,28078135.505465616,4911.771117871302,13766.263392575484
371,9933306384.144545,291313953.2172862,309288.7675194389,28502213.50842884,100.19090412493772,18867.05679807479,17521802.23616935,4905.1020982938135,13766.263392575484
372,9933306384.144545,291313953.2172862,309288.7675194389,28502213.508422684,100.19090412493772,16797.6258518329,13072462.3568145,4905.1020982938135,13766.263392575484
373,9933306384.144545,291313953.2172862,309288.7675194389,28502213.508416783,100.19090412493772,12047.961659684916,18591654.93739103,4904.155608799049,13766.263392575484
374,9933306384.144545,291313953.2172862,309288.7675194389,28502213.50841616,100.1293596073574,12453.34787129913,18484524.50757682,4903.296916072537,13766.263392575484
375,9933306384.144545,291313953.2172862,309288.7675194389,28502213.508415267,100.1293596073574,11740.346228496652,32878675.83793247,4902.887493558681,13766.263392575484
376,9933306384.144545,291313953.2172862,309288.7675194389,28502213.5084148,100.0980542644822,12520.924555472791,17967900.179044466,4902.646267255826,13766.263392575484
377,9933306384.144545,291313953.2172862,309288.7675194389,28502213.50841381,100.0980542644822,14033.75102967045,14599876.434848871,4902.5026702517935,13766.263392575484
378,9933306384.144545,291313953.2172862,309288.7675194389,28502213.508413687,100.0980542644822,13369.577474515096,10952060.120988855,4902.154763900683,13766.263392575484
379,9933306384.144545,291313953.2172862,309288.7675194389,28502213.508413505,100.0980542644822,15330.880881444187,10417560.445480552,4901.64339943658,13766.263392575484
380,9933306384.144545,291313953.2172862,309288.7675194389,28502213.508413453,100.08700895509848,18440.522272188737,7525283.905171941,4901.642872262052,13766.263392575484
381,9933306384.144545,291313953.2172862,309288.7675194389,28502213.50841341,100.05968641208952,17849.59814344821,5935226.854264275,4901.191615554839,13766.263392575484
382,9933306384.144545,291313953.2172862,309288.7675194389,28502213.508413404,100.05968641208952,16958.397606447743,4162621.968268606,4900.652457538274,13766.263392575484
383,9933306384.144545,291313953.2172862,309288.7675194389,28502213.50841339,100.05968641208952,16791.048985984195,2935284.488194518,4900.470914316386,13766.263392575484
384,9933306384.144545,291313953.2172862,309288.7675194389,28502213.508413386,100.05968641208952,16302.357004886371,5163893.928446019,4900.129599286238,13766.263392575484
385,9933306384.144545,291313953.2172862,309288.7675194389,28502213.50841337,100.05968641208952,14495.81016966295,9583318.354443286,4899.756823367895,13766.263392575484
386,9933306384.144545,291313953.2172862,309288.7675194389,28502213.508413352,100.04556732004744,14196.16455659549,13976015.93509342,4898.788770878549,13766.263392575484
387,9933306384.144545,291313953.2172862,309288.7675194389,28502213.508413345,100.04556732004744,14969.154014171148,12966083.180057753,4897.517916638556,13766.263392575484
388,9933306384.144545,291313953.2172862,309288.7675194389,28502213.508407004,100.04556732004744,13918.407536879644,9274038.553493597,4895.775610345347,13766.263392575484
389,9933306384.144545,291313953.2172862,309288.7675194389,28502213.508401725,100.02176232246032,9343.280739141144,23672531.84919652,4895.021163617233,13766.263392575484
390,9933306384.144545,291313953.2172862,309288.7675194389,28502213.50839784,100.02176232246032,8780.514752169305,49195290.31874439,4894.733744806529,13766.263392575484
391,9933306384.144545,291313953.2172862,263068.55795804324,28502213.50839088,100.02176232246032,8559.205133118325,2773698990.7242613,4894.681995680287,13766.263392575484
392,9933306384.144545,291313953.2172862,263068.55795804324,28502213.508389995,100.02176232246032,8501.068739816874,1521591962.6701794,4894.681995680287,13766.263392575484
393,9933306384.144545,291313953.2172862,263068.55795804324,28502213.50838933,100.02176232246032,8327.466082030884,1155674751.7556489,4894.664663558171,13766.263392575484
394,9933306384.144545,291313953.2172862,263068.55795804324,28502213.508389167,100.02164709431348,8301.790815770903,924888914.9959084,4894.660685757085,13766.263392575484
395,9933306384.144545,291313953.2172862,263068.55795804324,28502213.508389,100.02164709431348,8314.521709154895,764340200.9271286,4894.639064061388,13766.263392575484
396,9933306384.144545,291313953.2172862,263068.55795804324,28502213.508387912,100.02164709431348,8234.394172972487,610512197.0837945,4894.62730980982,13766.263392575484
397,9933306384.144545,291313953.2172862,263068.55795804324,28502213.50838726,100.02164709431348,8616.18137940643,529902718.1814185,4894.619190579528,13766.263392575484
398,9933306384.144545,291313953.2172862,263068.55795804324,28502213.5083837,100.02164709431348,8876.6835274038,305415097.2014389,4894.605765785637,13766.263392575484
399,9933306384.144545,291313953.2172862,263068.55795804324,28502213.50838284,100.02164709431348,9115.81680971897,148598012.1427394,4894.60034660137,13766.263392575484
400,9933306384.144545,291313953.2172862,263068.55795804324,28502213.50838229,100.01843367644278,8874.606990483248,90965869.63026844,4894.598605203239,13766.263392575484
401,9933306384.144545,291313953.2172862,263068.55795804324,28502213.50838212,100.01516631437426,8720.798958128844,62615311.13599844,4894.592703381508,13766.263392575484
402,9933306384.144545,291313953.2172862,263068.55795804324,28502213.508382022,100.01516631437426,8595.893688980152,42601477.43465691,4894.5917780767895,13766.263392575484
403,9933306384.144545,291313953.2172862,263068.55795804324,28502213.508381948,100.01516631437426,8464.836404245174,13986336.721382,4894.588867554152,13766.263392575484
404,9933306384.144545,291313953.2172862,263068.55795804324,28502213.508381844,100.01397977434968,8416.504493473713,14478725.960321557,4894.587150895376,13766.263392575484
405,9933306384.144545,291313953.2172862,263068.55795804324,28502213.508381832,100.01397977434968,8400.711589947166,6169203.217141512,4894.584604194335,13766.263392575484
406,9933306384.144545,291313953.2172862,263068.55795804324,28502213.508381307,100.01397977434968,8445.95483359395,3937073.82366286,4894.582197216447,13766.263392575484
407,9933306384.144545,291313953.2172862,263068.55795804324,28502213.50837965,100.01089754738123,9063.85432541534,2769183.9039333034,4894.577736122857,13766.263392575484
408,9933306384.144545,291313953.2172862,263068.55795804324,28502213.50837953,100.00840678808412,9627.106576983397,2285029.412446485,4894.570818972267,13766.263392575484
409,9933306384.144545,291313953.2172862,263068.55795804324,28502213.50837943,100.00840678808412,9357.4006780378,2889291.128402527,4894.570450148404,13766.263392575484
410,9933306384.144545,291313953.2172862,263068.55795804324,28502213.50837937,100.00603925373836,9216.830732941851,2760309.555042374,4894.569895276709,13766.263392575484
411,9933306384.144545,291313953.2172862,162410.1107100805,28502213.508379344,100.00468943063332,9709.835876241466,2834570.8680578773,4894.569047143296,13766.263392575484
412,9933306384.144545,291313953.2172862,162410.1107100805,28502213.508379333,100.00468943063332,9405.249494094009,2936141.542313177,4894.568031212116,13766.263392575484
413,9933306384.144545,291313953.2172862,162410.1107100805,28502213.508379325,100.00468943063332,8940.040564796458,2782133.372236541,4894.565524655183,13766.263392575484
414,9933306384.144545,291313953.2172862,162410.1107100805,28502213.508379307,100.00468943063332,8715.499859916072,2769398.56424516,4894.562753629583,13766.263392575484
415,9933306384.144545,291313953.2172862,162410.1107100805,28502213.50837901,100.00468943063332,8589.671784024442,1353047.998228938,4894.558415486997,13766.263392575484
416,9933306384.144545,291313953.2172862,162410.1107100805,28502213.5083789,100.00468943063332,8495.998611918272,1263260.0007406033,4894.550237700858,13766.263392575484
417,9933306384.144545,291313953.2172862,162410.1107100805,28502213.50837882,100.00468943063332,8386.496340780799,1534025.1622189323,4894.542909221636,13766.263392575484
418,9933306384.144545,291313953.2172862,162410.1107100805,28502213.508378644,100.00468943063332,8281.958346693089,1980927.9029046376,4894.533583682613,13766.263392575484
419,9933306384.144545,291313953.2172862,162410.1107100805,28502213.508378543,100.00459071189704,8358.437138279707,6586162.634246516,4894.529926465812,13766.263392575484
420,9933306384.144545,291313953.2172862,162410.1107100805,28502213.50837852,100.00459071189704,8331.52188317254,1052137784.434604,4894.524248222579,13766.263392575484
421,9933306384.144545,291313953.2172862,162410.1107100805,28502213.508378506,100.00459071189704,8278.017141671571,449817446.2840096,4894.514624522216,13766.263392575484
422,9933306384.144545,291313953.2172862,162410.1107100805,28502213.50837849,100.00458639903096,8215.60192709737,268255697.4957688,4894.506796656083,13766.263392575484
423,9933306384.144545,291313953.2172862,162410.1107100805,28502213.50837848,100.00290813405344,8115.204649149708,157489643.53548762,4894.498234583123,13766.263392575484
424,9933306384.144545,291313953.2172862,162410.1107100805,28502213.50837677,100.00290813405344,8105.0012859533,117267267.00360398,4894.48592329648,13766.263392575484
425,9933306384.144545,291313953.2172862,162410.1107100805,28502213.50837624,100.00190749516216,8100.291364167642,56270405.31398269,4894.481449096459,13766.263392575484
426,9933306384.144545,291313953.2172862,162410.1107100805,28502213.508375216,100.00190749516216,8162.721677391391,38077016.47050986,4894.446402810997,13766.263392575484
427,9933306384.144545,291313953.2172862,162410.1107100805,28502213.508374985,100.00190749516216,8166.566160237145,22424467.317378197,4894.437796745921,13766.263392575484
428,9933306384.144545,291313953.2172862,162410.1107100805,28502213.508374862,100.00113219944566,8146.721313599469,18898507.05613309,4894.398664383529,13766.263392575484
429,9933306384.144545,291313953.2172862,162410.1107100805,28502213.50837104,100.00113219944566,8125.4019540478575,14461101.840829544,4894.377507894233,13766.263392575484
430,9933306384.144545,291313953.2172862,162410.1107100805,28502213.50837072,100.00113219944566,8111.842510232271,12587752.15782706,4894.334083706628,13766.263392575484
431,9933306384.144545,291313953.2172862,162410.1107100805,28502213.508368198,100.00113219944566,8152.706878607097,1161417478.3008752,4894.253051147054,13766.263392575484
432,9933306384.144545,291313953.2172862,162410.1107100805,28502213.508367877,100.00113219944566,8157.368979016424,522159690.4730255,4894.098394798179,13766.263392575484
433,9933306384.144545,291313953.2172862,162410.1107100805,28502213.508367725,100.00113219944566,8166.624634205514,246428161.3252317,4894.098394798179,13766.263392575484
434,9933306384.144545,291313953.2172862,162410.1107100805,28502213.50836769,100.00094732800848,8254.593651311327,171609657.02864423,4893.95161066564,13766.263392575484
435,9933306384.144545,291313953.2172862,162410.1107100805,28502213.50836769,100.00094732800848,8249.323202335429,116656003.47899929,4893.95161066564,13766.263392575484
436,9933306384.144545,291313953.2172862,162410.1107100805,28502213.508367475,100.0008284461653,8256.832000588507,74998117.37597045,4893.603905504632,13766.263392575484
437,9933306384.144545,291313953.2172862,162410.1107100805,28502213.50836724,100.0008284461653,8214.102261387856,25824149.90052393,4893.603905504632,13766.263392575484
438,9933306384.144545,291313953.2172862,162410.1107100805,28502213.50836722,100.0008284461653,8160.654412489984,13283625.298476323,4893.602991580937,13766.263392575484
439,9933306384.144545,291313953.2172862,162410.1107100805,28502213.5083672,100.0008284461653,8136.150676673591,4970868.647085751,4893.602991580937,13766.263392575484
440,9933306384.144545,291313953.2172862,162410.1107100805,28502213.508367177,100.00082843490992,8124.681280239668,2724047.0675208243,4893.344575530659,13766.263392575484
441,9933306384.144545,291313953.2172862,162410.1107100805,28502213.508367155,100.00082843490992,8119.117299988738,1722008.5120118377,4893.344575530659,13766.263392575484
442,9933306384.144545,291313953.2172862,162410.1107100805,28502213.508367144,100.00065429958896,8120.893609678883,1256460.616577239,4893.344575530659,13766.263392575484
443,9933306384.144545,291313953.2172862,162410.1107100805,28502213.50836712,100.00065429958896,8083.290837961456,866990.7124717106,4893.344575530659,13766.263392575484
444,9933306384.144545,291313953.2172862,162410.1107100805,28502213.508367103,100.00050479522778,8082.897728455867,1708628.4244961774,4893.344575530659,13766.263392575484
445,9933306384.144545,291313953.2172862,162410.1107100805,28502213.508367088,100.00050479522778,8084.965176067645,1264105.1297859598,4893.2252884297295,13766.263392575484
446,9933306384.144545,291313953.2172862,162410.1107100805,28502213.508367077,100.00050479522778,8075.683776413955,901009.5929966024,4893.217177316689,13766.263392575484
447,9933306384.144545,291313953.2172862,162410.1107100805,28502213.50836706,100.00050479522778,8071.034831389087,1008484.8471934675,4892.460822502846,13766.263392575484
448,9933306384.144545,291313953.2172862,162410.1107100805,28502213.50836667,100.00050009369272,8069.914831860045,1062707.39201704,4892.460822502846,13766.263392575484
449,9933306384.144545,291313953.2172862,162410.1107100805,28502213.508366425,100.00050009369272,8070.252063270757,1019300.6751923496,4892.460822502846,13766.263392575484
450,9927339398.044436,291313953.2172862,162410.1107100805,28502213.508366328,100.00050009369272,8070.146118328554,1439269.4497863024,4892.460822502846,13766.263392575484
451,9927339398.044436,291313953.2172862,162410.1107100805,28502213.50836629,100.00050009369272,8068.842466240618,4388698.127147589,4892.460822502846,13766.263392575484
452,9927339398.044436,291313953.2172862,162410.1107100805,28502213.508366264,100.000481792753,8068.751564125163,7358430.68210231,4892.460822502846,13766.263392575484
453,9927339398.044436,291313953.2172862,162410.1107100805,28502213.50836583,100.000369817029,8069.4962418215955,1344162100.0143323,4892.460822502846,13766.263392575484
454,9927339398.044436,291313953.2172862,162410.1107100805,28502213.508365683,100.000369817029,8072.823877502205,917446404.3080282,4891.671502633084,13766.263392575484
455,9927339398.044436,291313953.2172862,162410.1107100805,28502213.50836565,100.000369817029,8073.327293335416,824804508.9232148,4889.921966215156,13766.263392575484
456,9927339398.044436,291313953.2172862,162410.1107100805,28502213.508365598,100.000369817029,8074.570314932205,668023321.9571916,4889.845890586495,13766.263392575484
457,9927339398.044436,291313953.2172862,162410.1107100805,28502213.50836557,100.000369817029,8074.190869900414,380306489.9204923,4889.845890586495,13766.263392575484
458,9927339398.044436,291313953.2172862,162410.1107100805,28502213.50836557,100.00032549218584,8078.571124660251,257503294.8333533,4889.845890586495,13766.263392575484
459,9927339398.044436,291313953.2172862,162410.1107100805,28502213.50836556,100.00032549218584,8078.874302829095,171025745.68075302,4889.845890586495,13766.263392575484
460,9927339398.044436,291313953.2172862,162410.1107100805,28502213.50836555,100.00032549218584,8075.21144397956,132781963.62760603,4886.662710609717,13766.263392575484
461,9927339398.044436,291313953.2172862,162410.1107100805,28502213.50836553,100.00032549218584,8071.215994442034,92812761.76292557,4886.662710609717,13766.263392575484
462,9927339398.044436,291313953.2172862,162410.1107100805,28502213.50836552,100.00027139474288,8071.124630353146,74324088.84073886,4886.662710609717,13766.263392575484
463,9927339398.044436,291313953.2172862,162410.1107100805,28502213.508365504,100.00027139474288,8069.977091265516,58526902.19866009,4886.662710609717,13766.263392575484
464,9927339398.044436,291313953.2172862,162410.1107100805,28502213.50836549,100.00027139474288,8070.314646819995,34212876.490345135,4886.662710609717,13766.263392575484
465,9927339398.044436,291313953.2172862,162410.1107100805,28502213.50836547,100.00027139474288,8068.673317828637,6462227.215096359,4886.662710609717,13766.263392575484
466,9927339398.044436,291313953.2172862,162410.1107100805,28502213.508365463,100.00027139474288,8066.778940357014,4064939.190564108,4886.662710609717,13766.263392575484
467,9927339398.044436,291313953.2172862,162410.1107100805,28502213.50836545,100.00027139474288,8066.661633379688,1611576.4892908444,4886.662710609717,13766.263392575484
468,9927339398.044436,291313953.2172862,162410.1107100805,28502213.508365437,100.0001524029496,8071.396534526167,1150510.884931197,4886.662710609717,13766.263392575484
469,9927339398.044436,214660459.5347837,162410.1107100805,28502213.50836541,100.0001524029496,8069.760160750649,280548988.0394548,4886.662710609717,13766.263392575484
470,9927339398.044436,214660459.5347837,162410.1107100805,28502213.508365408,100.0001524029496,8069.482179657308,169940491.52516434,4886.662710609717,13766.263392575484
471,9927339398.044436,214660459.5347837,162410.1107100805,28502213.50836539,100.0001524029496,8068.431736091477,89165741.70410371,4886.662710609717,13766.263392575484
472,9927339398.044436,214660459.5347837,162410.1107100805,28502213.508365385,100.0001524029496,8067.567867083089,54625957.50778131,4886.662710609717,13766.263392575484
473,9927339398.044436,214660459.5347837,162410.1107100805,28502213.50836537,100.0001524029496,8068.146392547331,35132941.0796737,4886.662710609717,13766.263392575484
474,9927339398.044436,214660459.5347837,162410.1107100805,28502213.50836524,100.0001524029496,8067.61500634105,9662360.60547212,4886.662710609717,13766.263392575484
475,9927339398.044436,214660459.5347837,162410.1107100805,28502213.508365,100.0001524029496,8066.762374906627,5601366.847753406,4886.662710609717,13766.263392575484
476,9927339398.044436,214660459.5347837,162410.1107100805,28502213.50836496,100.0001524029496,8066.472415296089,3724316.360011125,4886.662710609717,13766.263392575484
477,9919263303.412325,214660459.5347837,162410.1107100805,28502213.508364946,100.0001524029496,8068.403236709938,2431539.86407305,4886.662710609717,13766.263392575484
478,9919263303.412325,214660459.5347837,162410.1107100805,28502213.508364946,100.0001524029496,8068.401335181195,2442636.3130993173,4886.662710609717,13766.263392575484
479,9912737015.746511,214660459.5347837,162410.1107100805,28502213.50836493,100.0001524029496,8067.815620522528,1531198.5000580947,4886.662710609717,13766.263392575484
480,9912737015.746511,214660459.5347837,162410.1107100805,28502213.50836492,100.0001524029496,8067.79384327998,991005.9296913586,4886.662710609717,13766.263392575484
481,9912737015.746511,214660459.5347837,162410.1107100805,28502213.508364893,100.0001342321628,8071.809754531963,794092.926618945,4886.662710609717,13766.263392575484
482,9912737015.746511,214660459.5347837,162410.1107100805,28502213.50836489,100.00012354806684,8067.849483794488,563437.0733972135,4886.662710609717,13766.263392575484
483,9912737015.746511,214660459.5347837,162410.1107100805,28502213.508364875,100.00012354806684,8067.510257289763,257049.71544190435,4886.662710609717,13766.263392575484
484,9912737015.746511,214660459.5347837,162410.1107100805,28502213.50836486,100.00007747849322,8066.865153612146,323233.5411777112,4886.662710609717,13766.263392575484
485,9912737015.746511,214660459.5347837,162410.1107100805,28502213.508364845,100.00007747849322,8066.326533806407,174818.01020749778,4886.662710609717,13766.263392575484
486,9912737015.746511,214660459.5347837,162410.1107100805,28502213.508364823,100.00007747849322,8066.209714999563,123059.17880728556,4886.662710609717,13766.263392575484
487,9912737015.746511,214660459.5347837,162410.1107100805,28502213.50836472,100.00007747849322,8065.679010516072,77552.32843036024,4886.662710609717,13766.263392575484
488,9912737015.746511,214660459.5347837,162410.1107100805,28502213.508364707,100.00007747849322,8065.608040122359,63613.28512072803,4886.662710609717,13766.263392575484
489,9912737015.746511,214660459.5347837,162410.1107100805,28502213.508364677,100.00007747849322,8065.465804421654,48967.16931670264,4886.662710609717,13766.263392575484
490,9912737015.746511,214660459.5347837,162410.1107100805,28502213.508364663,100.00007747849322,8065.385780957766,35580.47854203823,4886.662710609717,13766.263392575484
491,9912737015.746511,214660459.5347837,162410.1107100805,28502213.508364648,100.00007747849322,8065.276311894881,28432.876519443176,4886.662710609717,13766.263392575484
492,9912737015.746511,214660459.5347837,162410.1107100805,28502213.50836464,100.00007747849322,8065.140989940641,23610.487494321093,4886.662710609717,13766.263392575484
493,9912737015.746511,214660459.5347837,162410.1107100805,28502213.50836462,100.00007747849322,8065.061235943876,20786.905475922125,4886.662710609717,13766.263392575484
494,9904761582.207932,214660459.5347837,162410.1107100805,28502213.508364618,100.00007747849322,8065.008013374959,19852.58371001533,4886.662710609717,13766.263392575484
495,9904761582.207932,214660459.5347837,162410.1107100805,28502213.508364603,100.00007747849322,8064.98576292347,19656.02811911712,4886.662710609717,13766.263392575484
496,9902420654.904568,214660459.5347837,162410.1107100805,28502213.5083646,100.00006841706764,8064.93799761899,13055.568813544647,4886.662710609717,13766.263392575484
497,9901361137.709885,214660459.5347837,162410.1107100805,28502213.50836459,100.00006841706764,8064.925175478973,8442.064833845317,4886.662710609717,13766.263392575484
498,9897738122.217686,214660459.5347837,162410.1107100805,28502213.508364502,100.00006841706764,8064.920652709958,8797.47542811954,4886.662710609717,13766.263392575484
499,9891994630.369131,214660459.5347837,162410.1107100805,28502213.508363985,100.00006841706764,8064.908933007637,7964.008817715374,4886.662710609717,13766.263392575484
500,9890684888.42722,214660459.5347837,162410.1107100805,28502213.508363985,100.00006841706764,8064.908933007637,7964.008817715374,4886.662710609717,13766.263392575484
